478696,???????ε????,4.9,/hotel/478696.html?isFull=F#ctm_ref=hod_sr_map_dl_txt_1,???????????·120??(???·????·???????200??·????
2245601,?????????(?????????????,4.9,/hotel/2245601.html?isFull=F#ctm_ref=hod_sr_map_dl_txt_2,?????????????????????????????200??
1463896,??????(?????????????????)(??????????),4.9,/hotel/1463896.html?isFull=F#ctm_ref=hod_sr_map_dl_txt_3,?????????????·????·?????????50??·??
2801810,???????????,4.8,/hotel/2801810.html?isFull=F#ctm_ref=hod_sr_map_dl_txt_4,??????????·32??
1686615,??????????(??????????)(???·??),4.8,/hotel/1686615.html?isFull=F#ctm_ref=hod_sr_map_dl_txt_5,???????·71??
5544557,??????(???CBD???????δ????·??),4.8,/hotel/5544557.html?isFull=F#ctm_ref=hod_sr_map_dl_txt_6,???????????????·??????????????????7???
501757,??????????????,4.8,/hotel/501757.html?isFull=F#ctm_ref=hod_sr_map_dl_txt_7,???????·??41??
3664584,???M???,4.8,/hotel/3664584.html?isFull=F#ctm_ref=hod_sr_map_dl_txt_8,?????¤????·80??
1414861,???о??(?????????????????),4.8,/hotel/1414861.html?isFull=F#ctm_ref=hod_sr_map_dl_txt_9,???????????·???·????
470983,???????????????????,4.8,/hotel/470983.html?isFull=F#ctm_ref=hod_sr_map_dl_txt_10,????????????·86??
640506,??????????,4.8,/hotel/640506.html?isFull=F#ctm_ref=hod_sr_map_dl_txt_11,????????·272??
1841750,????????????(?????????????)(?δ??·??????),4.8,/hotel/1841750.html?isFull=F#ctm_ref=hod_sr_map_dl_txt_12,????????δ??·??????·???????????????
430146,???????????????????,4.8,/hotel/430146.html?isFull=F#ctm_ref=hod_sr_map_dl_txt_13,????????·115??
5398498,???????????(???????·??),4.8,/hotel/5398498.html?isFull=F#ctm_ref=hod_sr_map_dl_txt_14,????????????·????·???????200??
1530796,???о??(????????????·??),4.8,/hotel/1530796.html?isFull=F#ctm_ref=hod_sr_map_dl_txt_15,????????·???·???????200??·??
5214878,??????ù?(???????????)(?????·??),4.8,/hotel/5214878.html?isFull=F#ctm_ref=hod_sr_map_dl_txt_16,?????????·????·??????????
12279551,?????????(??????·??),4.8,/hotel/12279551.html?isFull=F#ctm_ref=hod_sr_map_dl_txt_17,?????????????·?????·???????????????
18409453,??????????(??????????????????),4.8,/hotel/18409453.html?isFull=F#ctm_ref=hod_sr_map_dl_txt_18,?????????????12??
12402379,?????????????(?????CBD????????),4.8,/hotel/12402379.html?isFull=F#ctm_ref=hod_sr_map_dl_txt_19,?????????????·????????????????????32??
21787931,??????????,4.8,/hotel/21787931.html?isFull=F#ctm_ref=hod_sr_map_dl_txt_20,??????????????????·?????
1471926,???????????(???CBD????????),4.8,/hotel/1471926.html?isFull=F#ctm_ref=hod_sr_map_dl_txt_21,??????????????????·???????150??·??
13789435,??????ù?(?????·??),4.8,/hotel/13789435.html?isFull=F#ctm_ref=hod_sr_map_dl_txt_22,?????δ??·9??
6650293,??????????????,4.8,/hotel/6650293.html?isFull=F#ctm_ref=hod_sr_map_dl_txt_23,???????????1??
667593,????????????????????,4.8,/hotel/667593.html?isFull=F#ctm_ref=hod_sr_map_dl_txt_24,???????????86???????????????
10482490,????????,4.8,/hotel/10482490.html?isFull=F#ctm_ref=hod_sr_map_dl_txt_25,???????????????·?????????200??
14998008,?????????????????????,4.8,/hotel/14998008.html?isFull=F#ctm_ref=hod_sr_map_dl_txt_1,??????????A??18F
13947688,??????????(????????????????),4.8,/hotel/13947688.html?isFull=F#ctm_ref=hod_sr_map_dl_txt_2,????????????????????·?????????
26557767,??????????,4.8,/hotel/26557767.html?isFull=F#ctm_ref=hod_sr_map_dl_txt_3,?????????????·2??
1916249,?????????????,4.8,/hotel/1916249.html?isFull=F#ctm_ref=hod_sr_map_dl_txt_4,???·1??
16028749,??????ù?(???????·??),4.8,/hotel/16028749.html?isFull=F#ctm_ref=hod_sr_map_dl_txt_5,????????????·??????·?????????50??·??
23627087,????ü???,4.8,/hotel/23627087.html?isFull=F#ctm_ref=hod_sr_map_dl_txt_6,???????????·112???
1318420,???????????????,4.8,/hotel/1318420.html?isFull=F#ctm_ref=hod_sr_map_dl_txt_7,???·?????????????????????????·??
1100058,???δ??????,4.8,/hotel/1100058.html?isFull=F#ctm_ref=hod_sr_map_dl_txt_8,?????δ??·69??
29713796,???????????(???????????),4.8,/hotel/29713796.html?isFull=F#ctm_ref=hod_sr_map_dl_txt_9,??????????????????·????2???17??
13929313,????????????(????????),4.8,/hotel/13929313.html?isFull=F#ctm_ref=hod_sr_map_dl_txt_10,????????????·???????????????200??
1531295,?????λ???????????????????????,4.8,/hotel/1531295.html?isFull=F#ctm_ref=hod_sr_map_dl_txt_11,????????綫·????????·?????
1281269,????????????(???CBD????????),4.7,/hotel/1281269.html?isFull=F#ctm_ref=hod_sr_map_dl_txt_12,????????·201??
3665488,???????????????,4.7,/hotel/3665488.html?isFull=F#ctm_ref=hod_sr_map_dl_txt_13,????????·16??
6687948,??????????(???????????),4.7,/hotel/6687948.html?isFull=F#ctm_ref=hod_sr_map_dl_txt_14,??????????·81??
782527,??????????,4.7,/hotel/782527.html?isFull=F#ctm_ref=hod_sr_map_dl_txt_15,????????????н?39??
1255144,??????????,4.7,/hotel/1255144.html?isFull=F#ctm_ref=hod_sr_map_dl_txt_16,???????????·?????????·??????????
481708,???????ó???,4.7,/hotel/481708.html?isFull=F#ctm_ref=hod_sr_map_dl_txt_17,??????????·220??
7120291,???????????????,4.7,/hotel/7120291.html?isFull=F#ctm_ref=hod_sr_map_dl_txt_18,??????????·82?????????????????
501796,????????????,4.7,/hotel/501796.html?isFull=F#ctm_ref=hod_sr_map_dl_txt_19,????????????????1??
1302713,??????????????,4.7,/hotel/1302713.html?isFull=F#ctm_ref=hod_sr_map_dl_txt_20,????????????·33??
1053417,??????JW??????,4.7,/hotel/1053417.html?isFull=F#ctm_ref=hod_sr_map_dl_txt_21,??????????????2???????
974829,??????ù?(??????·????),4.7,/hotel/974829.html?isFull=F#ctm_ref=hod_sr_map_dl_txt_22,????????????·???·?????????20??·??
501792,???????????,4.7,/hotel/501792.html?isFull=F#ctm_ref=hod_sr_map_dl_txt_23,????????????????·?????????500??·??
4498164,???豾???,4.7,/hotel/4498164.html?isFull=F#ctm_ref=hod_sr_map_dl_txt_24,????????????·?????????????100???
1318801,?ж?????(??????????),4.7,/hotel/1318801.html?isFull=F#ctm_ref=hod_sr_map_dl_txt_25,????????????·99??
4546285,豻????(?????????),4.7,/hotel/4546285.html?isFull=F#ctm_ref=hod_sr_map_dl_txt_1,???????????????????·??????100??·??
2106419,?????????????(???????????)(???????),4.7,/hotel/2106419.html?isFull=F#ctm_ref=hod_sr_map_dl_txt_2,???????????????·????????200??·????
1740530,??????????????,4.7,/hotel/1740530.html?isFull=F#ctm_ref=hod_sr_map_dl_txt_3,????????·????·?????
2709624,?????????????,4.7,/hotel/2709624.html?isFull=F#ctm_ref=hod_sr_map_dl_txt_4,???????????·77??
3158310,????????????????,4.7,/hotel/3158310.html?isFull=F#ctm_ref=hod_sr_map_dl_txt_5,?????????????????·???????50??·??
4696026,????????????,4.7,/hotel/4696026.html?isFull=F#ctm_ref=hod_sr_map_dl_txt_6,???????CBD??????·27??
3663960,?????踻?????(??????),4.7,/hotel/3663960.html?isFull=F#ctm_ref=hod_sr_map_dl_txt_7,????????????????????????·?????25??
786163,????????????,4.7,/hotel/786163.html?isFull=F#ctm_ref=hod_sr_map_dl_txt_8,?????????????·11??
430285,???????????????????,4.7,/hotel/430285.html?isFull=F#ctm_ref=hod_sr_map_dl_txt_9,????????????·49??
1298600,???????????,4.7,/hotel/1298600.html?isFull=F#ctm_ref=hod_sr_map_dl_txt_10,?????????·96??
6130301,????????????(???????),4.7,/hotel/6130301.html?isFull=F#ctm_ref=hod_sr_map_dl_txt_11,??????????·????????·??200?????????????
15091448,??????????(???CBD????????),4.7,/hotel/15091448.html?isFull=F#ctm_ref=hod_sr_map_dl_txt_12,?????δ??·116??
5306302,????????????(??????????),4.7,/hotel/5306302.html?isFull=F#ctm_ref=hod_sr_map_dl_txt_13,????????????·??????·?????????100???
14212425,?????????????????,4.7,/hotel/14212425.html?isFull=F#ctm_ref=hod_sr_map_dl_txt_14,??????????????·???????????????????????
6168328,?????????????,4.7,/hotel/6168328.html?isFull=F#ctm_ref=hod_sr_map_dl_txt_15,??????????????????????????·????????????
13947024,?????????????,4.7,/hotel/13947024.html?isFull=F#ctm_ref=hod_sr_map_dl_txt_16,?????????????????????????·?????
482912,???????(????????????),4.7,/hotel/482912.html?isFull=F#ctm_ref=hod_sr_map_dl_txt_17,???????????·??????·????
2784305,??????????????,4.7,/hotel/2784305.html?isFull=F#ctm_ref=hod_sr_map_dl_txt_18,?????????·??????·??100??·?????????
14082137,???????????????,4.7,/hotel/14082137.html?isFull=F#ctm_ref=hod_sr_map_dl_txt_19,???????????????????????????
6738742,????????????,4.8,/hotel/6738742.html?isFull=F#ctm_ref=hod_sr_map_dl_txt_20,????1??
9098728,??????(??????????????),4.7,/hotel/9098728.html?isFull=F#ctm_ref=hod_sr_map_dl_txt_21,?????????????·????????????????????2???2???3?
8352911,???????????????,4.7,/hotel/8352911.html?isFull=F#ctm_ref=hod_sr_map_dl_txt_22,??????????·?????????·?????
25750929,???????????????,4.8,/hotel/25750929.html?isFull=F#ctm_ref=hod_sr_map_dl_txt_23,??????????????????·?????
857563,????????????,4.7,/hotel/857563.html?isFull=F#ctm_ref=hod_sr_map_dl_txt_24,?????????·??¤????????·????·1??
2701159,??????о??(??????·??),4.7,/hotel/2701159.html?isFull=F#ctm_ref=hod_sr_map_dl_txt_25,?????????·?????·????
20058517,???????????????,4.7,/hotel/20058517.html?isFull=F#ctm_ref=hod_sr_map_dl_txt_1,??????????·??????·??????????????????????3???
17079335,????????????????,4.7,/hotel/17079335.html?isFull=F#ctm_ref=hod_sr_map_dl_txt_2,???????????16??
27846017,???????????????,4.8,/hotel/27846017.html?isFull=F#ctm_ref=hod_sr_map_dl_txt_3,?????????????58??9???
1434023,???????????CBD??????,4.7,/hotel/1434023.html?isFull=F#ctm_ref=hod_sr_map_dl_txt_4,???????????16???????????
2107033,????????(??????????),4.8,/hotel/2107033.html?isFull=F#ctm_ref=hod_sr_map_dl_txt_5,?????δ??·9??
1614154,???????????(???????????????),4.7,/hotel/1614154.html?isFull=F#ctm_ref=hod_sr_map_dl_txt_6,???????????????·????????200??
9347520,??????ù?(???????????)(??????????),4.7,/hotel/9347520.html?isFull=F#ctm_ref=hod_sr_map_dl_txt_7,???????????·????????????????50??·??
20059394,ONE?????(???????????),4.7,/hotel/20059394.html?isFull=F#ctm_ref=hod_sr_map_dl_txt_8,?????????????·????????????50??·??
25696610,????????(??????????),4.8,/hotel/25696610.html?isFull=F#ctm_ref=hod_sr_map_dl_txt_9,????????·????·??·??
11243107,?????(??????·??),4.7,/hotel/11243107.html?isFull=F#ctm_ref=hod_sr_map_dl_txt_10,??????????·????·??????????????2???
17586725,??????(???CBD????????),4.7,/hotel/17586725.html?isFull=F#ctm_ref=hod_sr_map_dl_txt_11,???????????·???????????E??9?
9583646,??????????(?????????????????),4.7,/hotel/9583646.html?isFull=F#ctm_ref=hod_sr_map_dl_txt_12,???????????????????·??????
801134,??????????,4.6,/hotel/801134.html?isFull=F#ctm_ref=hod_sr_map_dl_txt_13,????????·288??
5235182,LP???(???????????),4.6,/hotel/5235182.html?isFull=F#ctm_ref=hod_sr_map_dl_txt_14,??????????·??????·??????????
5318907,?????????????,4.6,/hotel/5318907.html?isFull=F#ctm_ref=hod_sr_map_dl_txt_15,????????????·26??
8039048,????????????(???????????),4.6,/hotel/8039048.html?isFull=F#ctm_ref=hod_sr_map_dl_txt_16,??????????·???··??
1669754,??????(?????·??),4.6,/hotel/1669754.html?isFull=F#ctm_ref=hod_sr_map_dl_txt_17,????????·??γ??·???????200??·??
667455,????????????,4.6,/hotel/667455.html?isFull=F#ctm_ref=hod_sr_map_dl_txt_18,???????????1188??
430196,????????????????????,4.6,/hotel/430196.html?isFull=F#ctm_ref=hod_sr_map_dl_txt_19,?????CBD??????·17??
608601,?????????????,4.6,/hotel/608601.html?isFull=F#ctm_ref=hod_sr_map_dl_txt_20,??????????·???·????
481717,?????????,4.6,/hotel/481717.html?isFull=F#ctm_ref=hod_sr_map_dl_txt_21,?????????·14??
1466980,?????????о??(?????????),4.6,/hotel/1466980.html?isFull=F#ctm_ref=hod_sr_map_dl_txt_22,????????·?????·???????????????
8312763,??????ù?(???CBD????????),4.6,/hotel/8312763.html?isFull=F#ctm_ref=hod_sr_map_dl_txt_23,???????????????·????·???????100??·??
1406704,??????????(?????????????????),4.6,/hotel/1406704.html?isFull=F#ctm_ref=hod_sr_map_dl_txt_24,?????????????106??
1729121,???????ù?????,4.6,/hotel/1729121.html?isFull=F#ctm_ref=hod_sr_map_dl_txt_25,?????????????????·?????????50??·??
1290190,???????????????,4.6,/hotel/1290190.html?isFull=F#ctm_ref=hod_sr_map_dl_txt_1,??????????6?????????·
386930,???????????????,4.6,/hotel/386930.html?isFull=F#ctm_ref=hod_sr_map_dl_txt_2,????????·????·????·??
1542378,????????????????,4.6,/hotel/1542378.html?isFull=F#ctm_ref=hod_sr_map_dl_txt_3,??????????·70??
32124366,??????????????,4.7,/hotel/32124366.html?isFull=F#ctm_ref=hod_sr_map_dl_txt_4,?????????·??86??
967283,???????????(??侯????д???),4.6,/hotel/967283.html?isFull=F#ctm_ref=hod_sr_map_dl_txt_5,???????????·??????????????????65??
1728763,????????,4.6,/hotel/1728763.html?isFull=F#ctm_ref=hod_sr_map_dl_txt_6,????????????????????????·68??
1948199,???????????(?????????????),4.6,/hotel/1948199.html?isFull=F#ctm_ref=hod_sr_map_dl_txt_7,????·??????·????????????A??
511540,?????????????,4.6,/hotel/511540.html?isFull=F#ctm_ref=hod_sr_map_dl_txt_8,??????????16??
1730227,??????????,4.6,/hotel/1730227.html?isFull=F#ctm_ref=hod_sr_map_dl_txt_9,????????·??????·?????????400??·??
684400,???????????,4.6,/hotel/684400.html?isFull=F#ctm_ref=hod_sr_map_dl_txt_10,????????·??????????
11689714,??????????????,4.6,/hotel/11689714.html?isFull=F#ctm_ref=hod_sr_map_dl_txt_11,??????????·63??A?????????·??????????
25371297,?????????(???????????·??),4.8,/hotel/25371297.html?isFull=F#ctm_ref=hod_sr_map_dl_txt_12,????????·?????????300??
1730368,?????????,4.7,/hotel/1730368.html?isFull=F#ctm_ref=hod_sr_map_dl_txt_13,???????????·21??
430303,???????????????,4.6,/hotel/430303.html?isFull=F#ctm_ref=hod_sr_map_dl_txt_14,?????????·101??
17077721,??????????(???CBD????????),4.6,/hotel/17077721.html?isFull=F#ctm_ref=hod_sr_map_dl_txt_15,?????????????·7??
21745775,??????(???CBD????????),4.6,/hotel/21745775.html?isFull=F#ctm_ref=hod_sr_map_dl_txt_16,????????·125??
26412189,????????????,4.6,/hotel/26412189.html?isFull=F#ctm_ref=hod_sr_map_dl_txt_17,??????????·??????·????
27732471,?????(???????·??),4.7,/hotel/27732471.html?isFull=F#ctm_ref=hod_sr_map_dl_txt_18,????????·?????·??????????
19924774,????????,4.8,/hotel/19924774.html?isFull=F#ctm_ref=hod_sr_map_dl_txt_19,???????????97??
31579776,????????,4.8,/hotel/31579776.html?isFull=F#ctm_ref=hod_sr_map_dl_txt_20,????????·116??
512733,??????????????,4.5,/hotel/512733.html?isFull=F#ctm_ref=hod_sr_map_dl_txt_21,?????????·22??
876463,??????????(???δ??·CBD????????),4.5,/hotel/876463.html?isFull=F#ctm_ref=hod_sr_map_dl_txt_22,?????δ??·??γ??·???????200??·????δ??·73??? 
3326757,?????????????????,4.5,/hotel/3326757.html?isFull=F#ctm_ref=hod_sr_map_dl_txt_23,????????????????????·???·???????50??·??
1895141,???????????,4.5,/hotel/1895141.html?isFull=F#ctm_ref=hod_sr_map_dl_txt_24,?????????·??????·?????????
484385,????????????????,4.5,/hotel/484385.html?isFull=F#ctm_ref=hod_sr_map_dl_txt_25,????????·114??
1185023,??????????,4.6,/hotel/1185023.html?isFull=F#ctm_ref=hod_sr_map_dl_txt_1,?????·??????·?????
668918,??????????(?????????????????),4.5,/hotel/668918.html?isFull=F#ctm_ref=hod_sr_map_dl_txt_2,??????????·????·??????50??
1678403,?????????(??????????????),4.5,/hotel/1678403.html?isFull=F#ctm_ref=hod_sr_map_dl_txt_3,?????????????ü??????????????????????·?????
28766076,???????????,4.6,/hotel/28766076.html?isFull=F#ctm_ref=hod_sr_map_dl_txt_4,??????????·???????·????????
684457,??????????????(?????????),4.4,/hotel/684457.html?isFull=F#ctm_ref=hod_sr_map_dl_txt_5,?????????·???
1730200,???????????,4.4,/hotel/1730200.html?isFull=F#ctm_ref=hod_sr_map_dl_txt_6,?????????·1??
21639909,?????????????????,4.5,/hotel/21639909.html?isFull=F#ctm_ref=hod_sr_map_dl_txt_7,?????????????190??
430245,????????????,4.4,/hotel/430245.html?isFull=F#ctm_ref=hod_sr_map_dl_txt_8,????????·115??
21631656,??????????????,4.6,/hotel/21631656.html?isFull=F#ctm_ref=hod_sr_map_dl_txt_9,???????????·?????????????????
5226321,???M.King???????,4.4,/hotel/5226321.html?isFull=F#ctm_ref=hod_sr_map_dl_txt_10,?????????????????·?????????
31921877,?????(??????·??),4.7,/hotel/31921877.html?isFull=F#ctm_ref=hod_sr_map_dl_txt_11,?????????·79??
31449039,?????(???????????),4.8,/hotel/31449039.html?isFull=F#ctm_ref=hod_sr_map_dl_txt_12,?????????·2??
1523025,?????????????,4.3,/hotel/1523025.html?isFull=F#ctm_ref=hod_sr_map_dl_txt_13,??????2??(??????·?????????)
8837934,???????????,4.4,/hotel/8837934.html?isFull=F#ctm_ref=hod_sr_map_dl_txt_14,????????????????·?????????100??
1195725,???????????,4.6,/hotel/1195725.html?isFull=F#ctm_ref=hod_sr_map_dl_txt_15,????????·????·??????200??·??
1729175,??????????,4.2,/hotel/1729175.html?isFull=F#ctm_ref=hod_sr_map_dl_txt_16,????????·43??????????
34149145,??????????????,4.7,/hotel/34149145.html?isFull=F#ctm_ref=hod_sr_map_dl_txt_17,???????????·???????4??407??
34204484,??????????(?????????????????),4.9,/hotel/34204484.html?isFull=F#ctm_ref=hod_sr_map_dl_txt_18,????????·????????????????12??
1729519,???????????,4.2,/hotel/1729519.html?isFull=F#ctm_ref=hod_sr_map_dl_txt_19,???????????9??????·??????????????50??·??
1531269,????????????,4,/hotel/1531269.html?isFull=F#ctm_ref=hod_sr_map_dl_txt_20,????????·???λ?????1????????????
19871330,???????????,0,/hotel/19871330.html?isFull=F#ctm_ref=hod_sr_map_dl_txt_21,?????????????·??????????? ???????3?
33928699,???????????,0,/hotel/33928699.html?isFull=F#ctm_ref=hod_sr_map_dl_txt_22,???????????????????·???????????????C??
1698914,????????????,4.9,/hotel/1698914.html?isFull=F#ctm_ref=hod_sr_map_dl_txt_23,?????????88??
14821526,??????????(?????????),4.9,/hotel/14821526.html?isFull=F#ctm_ref=hod_sr_map_dl_txt_24,?????·?????·????????? ?????6?
6523061,??????????????,4.8,/hotel/6523061.html?isFull=F#ctm_ref=hod_sr_map_dl_txt_25,????·?????·??????200??·??
839559,?????????????,4.8,/hotel/839559.html?isFull=F#ctm_ref=hod_sr_map_dl_txt_1,????·??????·???????50??·??
17266801,??????(??????????),4.8,/hotel/17266801.html?isFull=F#ctm_ref=hod_sr_map_dl_txt_2,?????????·?????
9203736,??????????????,4.8,/hotel/9203736.html?isFull=F#ctm_ref=hod_sr_map_dl_txt_3,????·??縣·??100??·??
17267305,????θ???????,4.8,/hotel/17267305.html?isFull=F#ctm_ref=hod_sr_map_dl_txt_4,???????·?????·????
2296034,???????????(??????????羰????),4.8,/hotel/2296034.html?isFull=F#ctm_ref=hod_sr_map_dl_txt_5,???????羰???????·????
857546,????????????,4.7,/hotel/857546.html?isFull=F#ctm_ref=hod_sr_map_dl_txt_6,????·????·??2????
1708879,???????????,4.7,/hotel/1708879.html?isFull=F#ctm_ref=hod_sr_map_dl_txt_7,????¤??·107????????·??????
839617,??????????,4.7,/hotel/839617.html?isFull=F#ctm_ref=hod_sr_map_dl_txt_8,????·???ζ?????????????У??
18550941,???????????,4.7,/hotel/18550941.html?isFull=F#ctm_ref=hod_sr_map_dl_txt_9,????????????????·?????
13348359,???????????,4.7,/hotel/13348359.html?isFull=F#ctm_ref=hod_sr_map_dl_txt_10,????·??????·???????50??·??
1690303,??????д???,4.4,/hotel/1690303.html?isFull=F#ctm_ref=hod_sr_map_dl_txt_11,?????????????·???????????????22??
1737917,????????????,4.4,/hotel/1737917.html?isFull=F#ctm_ref=hod_sr_map_dl_txt_12,????·9?????????·??
1730275,?????????????,4.5,/hotel/1730275.html?isFull=F#ctm_ref=hod_sr_map_dl_txt_13,???????????????·?????
1728564,??????????,4.3,/hotel/1728564.html?isFull=F#ctm_ref=hod_sr_map_dl_txt_14,????·?????·?????
5279196,????????????,4.3,/hotel/5279196.html?isFull=F#ctm_ref=hod_sr_map_dl_txt_15,????????????山
32172501,?????(???????????),4.7,/hotel/32172501.html?isFull=F#ctm_ref=hod_sr_map_dl_txt_16,??????????????·???????????????26???
25409413,???????????,4.5,/hotel/25409413.html?isFull=F#ctm_ref=hod_sr_map_dl_txt_17,?????????
6275757,?????????????,4.2,/hotel/6275757.html?isFull=F#ctm_ref=hod_sr_map_dl_txt_18,??????????????????????
24397533,?????????????,4.9,/hotel/24397533.html?isFull=F#ctm_ref=hod_sr_map_dl_txt_19,?????????????????
33599439,???????з??????,0,/hotel/33599439.html?isFull=F#ctm_ref=hod_sr_map_dl_txt_20,????????С?????200??
479994,?????????????????,4.8,/hotel/479994.html?isFull=T#ctm_ref=hod_sr_map_dl_txt_21,????????????·21??
931363,????????????,4.7,/hotel/931363.html?isFull=T#ctm_ref=hod_sr_map_dl_txt_22,????????·66??????·??γ??·??????
6862493,????????(????????),4.8,/hotel/6862493.html?isFull=T#ctm_ref=hod_sr_map_dl_txt_23,????????????15??
11960735,??????(??????????),4.7,/hotel/11960735.html?isFull=T#ctm_ref=hod_sr_map_dl_txt_24,????????????·60??
641292,???????????,4.6,/hotel/641292.html?isFull=T#ctm_ref=hod_sr_map_dl_txt_25,?????????·????
8378314,??????(??????????????????????),4.9,/hotel/8378314.html?isFull=F#ctm_ref=hod_sr_map_dl_txt_1,???ü??????????°?·?????·?????????
5565805,??????????(??????·??),4.9,/hotel/5565805.html?isFull=F#ctm_ref=hod_sr_map_dl_txt_2,???????????·1??
1300033,??????(????????),4.8,/hotel/1300033.html?isFull=F#ctm_ref=hod_sr_map_dl_txt_3,???????????????·????
1633884,???δ??????????,4.8,/hotel/1633884.html?isFull=F#ctm_ref=hod_sr_map_dl_txt_4,????????·??????????
1200266,?????????????????????,4.8,/hotel/1200266.html?isFull=F#ctm_ref=hod_sr_map_dl_txt_5,?????????·????????????????????
1359886,??????????(????????????),4.8,/hotel/1359886.html?isFull=F#ctm_ref=hod_sr_map_dl_txt_6,???????????·8??
6832154,??????(???δ??·????????),4.8,/hotel/6832154.html?isFull=F#ctm_ref=hod_sr_map_dl_txt_7,?????γ??·66??
8969716,??????(????????),4.8,/hotel/8969716.html?isFull=F#ctm_ref=hod_sr_map_dl_txt_8,???????????????????·?????
1418772,????????????,4.8,/hotel/1418772.html?isFull=F#ctm_ref=hod_sr_map_dl_txt_9,??????????????????·?????
2864460,??????ù?(??????????),4.8,/hotel/2864460.html?isFull=F#ctm_ref=hod_sr_map_dl_txt_10,????????·???·?????
16068675,?????????(???????????),4.8,/hotel/16068675.html?isFull=F#ctm_ref=hod_sr_map_dl_txt_11,?????????????ж?
8984000,?????????(????????????),4.8,/hotel/8984000.html?isFull=F#ctm_ref=hod_sr_map_dl_txt_12,??????????????·???????
1587095,豻????(?????·??)(????????),4.8,/hotel/1587095.html?isFull=F#ctm_ref=hod_sr_map_dl_txt_13,????????·?????·?????
1588606,??????(??????·??)(??????????),4.8,/hotel/1588606.html?isFull=F#ctm_ref=hod_sr_map_dl_txt_14,????????·?????·?????
11156852,H???(??????·??),4.8,/hotel/11156852.html?isFull=F#ctm_ref=hod_sr_map_dl_txt_15,??????????????·????????B??
17055429,??????(?????????????),4.8,/hotel/17055429.html?isFull=F#ctm_ref=hod_sr_map_dl_txt_16,?????????????·????????????????????????1001??
25690909,????????,4.8,/hotel/25690909.html?isFull=F#ctm_ref=hod_sr_map_dl_txt_17,????????·23-12??
1484971,??????(?????·??),4.7,/hotel/1484971.html?isFull=F#ctm_ref=hod_sr_map_dl_txt_18,????????·20??
2015235,δ??????????(??????·?????????),4.7,/hotel/2015235.html?isFull=F#ctm_ref=hod_sr_map_dl_txt_19,????????·??γ??·?????
1610877,??????????(??????·???????),4.7,/hotel/1610877.html?isFull=F#ctm_ref=hod_sr_map_dl_txt_20,?????????·2??
5732598,??????(????????????????),4.7,/hotel/5732598.html?isFull=F#ctm_ref=hod_sr_map_dl_txt_23,????????????57??
8705309,??????(??????·??),4.7,/hotel/8705309.html?isFull=F#ctm_ref=hod_sr_map_dl_txt_24,?????????н????????·??????·??????????????????
6648541,??????????(?????¤??·??),4.7,/hotel/6648541.html?isFull=F#ctm_ref=hod_sr_map_dl_txt_1,??????¤??·??????????
7297326,????????(????ī?????????),4.7,/hotel/7297326.html?isFull=F#ctm_ref=hod_sr_map_dl_txt_2,????????·81??
2062952,????????????,4.7,/hotel/2062952.html?isFull=F#ctm_ref=hod_sr_map_dl_txt_3,??????¤????·???????????
1086221,?????????о??,4.7,/hotel/1086221.html?isFull=F#ctm_ref=hod_sr_map_dl_txt_4,????????·????·???????200??
1349470,????.????????(?????CBD????????),4.7,/hotel/1349470.html?isFull=F#ctm_ref=hod_sr_map_dl_txt_5,???????CBD??????·27????????????13??
7359680,???о??(???????????·??),4.7,/hotel/7359680.html?isFull=F#ctm_ref=hod_sr_map_dl_txt_6,????????·128??
7573598,??????(??????????·??),4.7,/hotel/7573598.html?isFull=F#ctm_ref=hod_sr_map_dl_txt_7,?????γ??·39??
739110,????о??(?????·??),4.7,/hotel/739110.html?isFull=F#ctm_ref=hod_sr_map_dl_txt_8,???????·52?????????·?? ?? ??·?????·??
22418985,???????(???¤??·??),4.8,/hotel/22418985.html?isFull=F#ctm_ref=hod_sr_map_dl_txt_9,?????·20??
6002230,???????????????,4.7,/hotel/6002230.html?isFull=F#ctm_ref=hod_sr_map_dl_txt_10,?????????·?????·???????200??·??
21790888,??????(??????·????????),4.8,/hotel/21790888.html?isFull=F#ctm_ref=hod_sr_map_dl_txt_11,???·?Э·???????100·
13949427,?????????(????????????),4.7,/hotel/13949427.html?isFull=F#ctm_ref=hod_sr_map_dl_txt_12,????????????·?????·????????????D??
2306672,?ε???(??????????),4.7,/hotel/2306672.html?isFull=F#ctm_ref=hod_sr_map_dl_txt_13,???????????·???·?????????200??·??
5485854,?????о??(????ó360??),4.7,/hotel/5485854.html?isFull=F#ctm_ref=hod_sr_map_dl_txt_14,????????·???????????
12069724,???????????,4.7,/hotel/12069724.html?isFull=F#ctm_ref=hod_sr_map_dl_txt_15,????????·32??
25050468,??????(????????????),4.8,/hotel/25050468.html?isFull=F#ctm_ref=hod_sr_map_dl_txt_16,??????з??·?????????????100??
14215807,??????(???CBD????????),4.7,/hotel/14215807.html?isFull=F#ctm_ref=hod_sr_map_dl_txt_17,?????δ??·γ??·?????
20546257,???????????(??????????????????),4.8,/hotel/20546257.html?isFull=F#ctm_ref=hod_sr_map_dl_txt_18,???????????????????????????
14016304,???????(??????·????·??),4.7,/hotel/14016304.html?isFull=F#ctm_ref=hod_sr_map_dl_txt_19,?????????·16??
22764096,??????ù?(????????),4.7,/hotel/22764096.html?isFull=F#ctm_ref=hod_sr_map_dl_txt_20,???????????????????·????
15903511,??????(????????????·??),4.7,/hotel/15903511.html?isFull=F#ctm_ref=hod_sr_map_dl_txt_21,??????????·??????·?????
9596172,????????????,4.7,/hotel/9596172.html?isFull=F#ctm_ref=hod_sr_map_dl_txt_22,??????????????????·??????????????
27726002,???????(????????????),4.8,/hotel/27726002.html?isFull=F#ctm_ref=hod_sr_map_dl_txt_23,???????????·???????????20???
13926816,?????????,4.7,/hotel/13926816.html?isFull=F#ctm_ref=hod_sr_map_dl_txt_24,?????????·????????
2954260,???о??(???????У????)(?????????),4.7,/hotel/2954260.html?isFull=F#ctm_ref=hod_sr_map_dl_txt_25,???????????????????·?????
1522019,?????????(?????????????????),4.7,/hotel/1522019.html?isFull=F#ctm_ref=hod_sr_map_dl_txt_1,???????????????20??
1737507,?ú???????(???CBD????????),4.8,/hotel/1737507.html?isFull=F#ctm_ref=hod_sr_map_dl_txt_2,??????????·132??
8353681,??????о??(???CBD????????),4.7,/hotel/8353681.html?isFull=F#ctm_ref=hod_sr_map_dl_txt_3,??????Э·9??
6027701,?????????????????????????????,4.7,/hotel/6027701.html?isFull=F#ctm_ref=hod_sr_map_dl_txt_4,?????????????·???????????????400??·??
4332365,????????????,4.7,/hotel/4332365.html?isFull=F#ctm_ref=hod_sr_map_dl_txt_5,????·???·??????100??·??
6465171,????ι????????(??ι?????????),4.7,/hotel/6465171.html?isFull=F#ctm_ref=hod_sr_map_dl_txt_6,?????????·86??
17890928,?????????(?????????????),4.7,/hotel/17890928.html?isFull=F#ctm_ref=hod_sr_map_dl_txt_7,??????????????????????????????????
8868815,??????????(???????),4.6,/hotel/8868815.html?isFull=F#ctm_ref=hod_sr_map_dl_txt_8,????????????????????????
1620785,δ??????л???(?????????????),4.6,/hotel/1620785.html?isFull=F#ctm_ref=hod_sr_map_dl_txt_9,????????·????·?????????40??·??
1933380,????????????????(?????·???????),4.6,/hotel/1933380.html?isFull=F#ctm_ref=hod_sr_map_dl_txt_10,???????·70?????????????
8626356,?????????,4.6,/hotel/8626356.html?isFull=F#ctm_ref=hod_sr_map_dl_txt_11,?????????·??????·???????200??·??
1932913,??????????(??????????·??),4.6,/hotel/1932913.html?isFull=F#ctm_ref=hod_sr_map_dl_txt_12,????????·???·???????200??·??
1590795,???????????(?????·??ó360??),4.6,/hotel/1590795.html?isFull=F#ctm_ref=hod_sr_map_dl_txt_13,????????·25??????·?????????
706724,???????????????,4.6,/hotel/706724.html?isFull=F#ctm_ref=hod_sr_map_dl_txt_14,????к????????????ж?????
1068932,?????????(?????????????·??),4.7,/hotel/1068932.html?isFull=F#ctm_ref=hod_sr_map_dl_txt_15,????????·37??
3105991,????????????????ù?,4.6,/hotel/3105991.html?isFull=F#ctm_ref=hod_sr_map_dl_txt_16,???????????·251??
34204477,??????(??????????),4.9,/hotel/34204477.html?isFull=F#ctm_ref=hod_sr_map_dl_txt_17,????????·????·????????????8???
2300676,????????(?????·??????)???????·??,4.7,/hotel/2300676.html?isFull=F#ctm_ref=hod_sr_map_dl_txt_18,????????·??????·???????200??·??
8953769,?????????,4.6,/hotel/8953769.html?isFull=F#ctm_ref=hod_sr_map_dl_txt_19,??????????????????·???·
1730331,?????????????(????Э·??)(????????????????),4.6,/hotel/1730331.html?isFull=F#ctm_ref=hod_sr_map_dl_txt_20,????????·???Э·?????
25471982,???????????(????????·????????),4.7,/hotel/25471982.html?isFull=F#ctm_ref=hod_sr_map_dl_txt_21,?????????·???彭·?????
11308744,???????(????????),4.7,/hotel/11308744.html?isFull=F#ctm_ref=hod_sr_map_dl_txt_22,????????????????·?????
2084085,??????????(????????????????),4.6,/hotel/2084085.html?isFull=F#ctm_ref=hod_sr_map_dl_txt_23,??????????·???????50??·??
804442,??????????(?????????????),4.6,/hotel/804442.html?isFull=F#ctm_ref=hod_sr_map_dl_txt_25,??????????·8??
9604627,??????(???CBD????????),4.6,/hotel/9604627.html?isFull=F#ctm_ref=hod_sr_map_dl_txt_1,??????Э·216??
1911518,????????????????,4.6,/hotel/1911518.html?isFull=F#ctm_ref=hod_sr_map_dl_txt_2,????????????????50??
21905695,?????????(???CBD????????),4.8,/hotel/21905695.html?isFull=F#ctm_ref=hod_sr_map_dl_txt_3,???????????·???????????E??14?
1729307,?????????,4.6,/hotel/1729307.html?isFull=F#ctm_ref=hod_sr_map_dl_txt_4,?????γ??·?ж?11??
8396405,??????о?????,4.6,/hotel/8396405.html?isFull=F#ctm_ref=hod_sr_map_dl_txt_5,???????????·????·????
1620814,????????(??????????),4.6,/hotel/1620814.html?isFull=F#ctm_ref=hod_sr_map_dl_txt_6,??????????????????·?????
17086158,???????(???????????),4.6,/hotel/17086158.html?isFull=F#ctm_ref=hod_sr_map_dl_txt_7,??????????·??????·?????252??
1520303,??????????,4.6,/hotel/1520303.html?isFull=F#ctm_ref=hod_sr_map_dl_txt_8,????????·?????·?????
1635932,??????л?????,4.6,/hotel/1635932.html?isFull=F#ctm_ref=hod_sr_map_dl_txt_9,????????????????·?????
1620774,?????????(????????У????),4.7,/hotel/1620774.html?isFull=F#ctm_ref=hod_sr_map_dl_txt_10,?????????·65??
15057398,?ó??????CBD????????,4.6,/hotel/15057398.html?isFull=F#ctm_ref=hod_sr_map_dl_txt_11,?????????·?????·??????100??·??
1704957,??????????,4.6,/hotel/1704957.html?isFull=F#ctm_ref=hod_sr_map_dl_txt_12,???????????????????3??
2074075,??????????(??????????),4.6,/hotel/2074075.html?isFull=F#ctm_ref=hod_sr_map_dl_txt_13,????????·?????·?????
21344526,??????(???CBD????????),4.7,/hotel/21344526.html?isFull=F#ctm_ref=hod_sr_map_dl_txt_14,?????????????27??
1828779,???????(?????????????????),4.5,/hotel/1828779.html?isFull=F#ctm_ref=hod_sr_map_dl_txt_15,??????????????????????200??·??
1024904,???????(??????????????),4.5,/hotel/1024904.html?isFull=F#ctm_ref=hod_sr_map_dl_txt_16,??????????????????????????30??·??
1633907,??????????,4.5,/hotel/1633907.html?isFull=F#ctm_ref=hod_sr_map_dl_txt_17,????????????????????15??
2296786,?????????(???????),4.5,/hotel/2296786.html?isFull=F#ctm_ref=hod_sr_map_dl_txt_18,???·??????·???????20??
4614069,?????????(???CBD?????????????),4.5,/hotel/4614069.html?isFull=F#ctm_ref=hod_sr_map_dl_txt_19,?????????????·????????????????????4?
1646313,???????????,4.5,/hotel/1646313.html?isFull=F#ctm_ref=hod_sr_map_dl_txt_20,?????????·6??
3705378,??????????(????????(??????????)),4.5,/hotel/3705378.html?isFull=F#ctm_ref=hod_sr_map_dl_txt_21,?????·??????·????????·???? ?? ????????????????????
19889019,???????????,4.7,/hotel/19889019.html?isFull=F#ctm_ref=hod_sr_map_dl_txt_22,??????????????÷·?????
478795,????????????,4.5,/hotel/478795.html?isFull=F#ctm_ref=hod_sr_map_dl_txt_23,????????·?????????·????·??
29970179,??????(????????·??),4.8,/hotel/29970179.html?isFull=F#ctm_ref=hod_sr_map_dl_txt_24,???????????·?????????3???
953658,?????????????,4.5,/hotel/953658.html?isFull=F#ctm_ref=hod_sr_map_dl_txt_25,???????????·95??
11273691,???????????(??????????),4.6,/hotel/11273691.html?isFull=F#ctm_ref=hod_sr_map_dl_txt_1,????????·嫺????B??
12599198,??????(???????????·??),4.7,/hotel/12599198.html?isFull=F#ctm_ref=hod_sr_map_dl_txt_2,????????·????·??????300??·??
698046,????????????ú???,4.5,/hotel/698046.html?isFull=F#ctm_ref=hod_sr_map_dl_txt_3,?????γ??·29???12??
1386365,???????????,4.5,/hotel/1386365.html?isFull=F#ctm_ref=hod_sr_map_dl_txt_4,???????????16??
840608,????????????,4.9,/hotel/840608.html?isFull=F#ctm_ref=hod_sr_map_dl_txt_5,??????????·18??????·??????
14002402,?????????????,4.5,/hotel/14002402.html?isFull=F#ctm_ref=hod_sr_map_dl_txt_6,?????????????·???????????????800??
1633789,???????????????,4.5,/hotel/1633789.html?isFull=F#ctm_ref=hod_sr_map_dl_txt_7,?????????·????·????????·??
1882456,?????LAIHOTEL(?????CBD????????),4.5,/hotel/1882456.html?isFull=F#ctm_ref=hod_sr_map_dl_txt_8,????????·?????·?????
1320730,????о??(??????????),4.5,/hotel/1320730.html?isFull=F#ctm_ref=hod_sr_map_dl_txt_9,????????·22??
1737511,??????????(??????·??),4.5,/hotel/1737511.html?isFull=F#ctm_ref=hod_sr_map_dl_txt_10,??????????·6??
8983047,????????????????,4.6,/hotel/8983047.html?isFull=F#ctm_ref=hod_sr_map_dl_txt_11,????????·?????·??????
1416562,??????????????,4.5,/hotel/1416562.html?isFull=F#ctm_ref=hod_sr_map_dl_txt_12,??????????·???·??????200??·??
12660767,?????????????????????,4.6,/hotel/12660767.html?isFull=F#ctm_ref=hod_sr_map_dl_txt_13,????????·????·?????????200??·??
15848796,??????????,4.6,/hotel/15848796.html?isFull=F#ctm_ref=hod_sr_map_dl_txt_14,?????????·23???19???
5847622,????????????,4.5,/hotel/5847622.html?isFull=F#ctm_ref=hod_sr_map_dl_txt_16,?????????·???????????????100??
1704972,????????????,4.8,/hotel/1704972.html?isFull=F#ctm_ref=hod_sr_map_dl_txt_17,??????????·??????????????300??·??
435712,?????????,4.4,/hotel/435712.html?isFull=F#ctm_ref=hod_sr_map_dl_txt_18,?????????·110????????????
8445021,??????????????????,4.5,/hotel/8445021.html?isFull=F#ctm_ref=hod_sr_map_dl_txt_19,??????????綫·?????н????????3051??
1403776,????????(???????????),4.4,/hotel/1403776.html?isFull=F#ctm_ref=hod_sr_map_dl_txt_20,???????????·????·????
1891649,???????????(???????????),4.6,/hotel/1891649.html?isFull=F#ctm_ref=hod_sr_map_dl_txt_21,??????????·??????·??????????22??
4846148,???????????,4.5,/hotel/4846148.html?isFull=F#ctm_ref=hod_sr_map_dl_txt_22,?????????????·??¤???????????
8076314,??????(???CBD????????),4.5,/hotel/8076314.html?isFull=F#ctm_ref=hod_sr_map_dl_txt_23,???????????????????????????
1728790,??????????????,4.6,/hotel/1728790.html?isFull=F#ctm_ref=hod_sr_map_dl_txt_24,??????????????·??????????
2299535,???????????ú???(?????????????1?????????),4.6,/hotel/2299535.html?isFull=F#ctm_ref=hod_sr_map_dl_txt_25,?????????·?????·?????????200??
4359508,????羫????(??????????),4.4,/hotel/4359508.html?isFull=F#ctm_ref=hod_sr_map_dl_txt_1,??????????????????????????·??
1614211,???????????,4.4,/hotel/1614211.html?isFull=F#ctm_ref=hod_sr_map_dl_txt_2,???????????·??????????????27???
34203255,?????????,4.9,/hotel/34203255.html?isFull=F#ctm_ref=hod_sr_map_dl_txt_3,?????????????????????????????·????????2???2-106
26545877,?????????,4.7,/hotel/26545877.html?isFull=F#ctm_ref=hod_sr_map_dl_txt_4,????????·16??
1633814,???????????????????,4.4,/hotel/1633814.html?isFull=F#ctm_ref=hod_sr_map_dl_txt_5,???????????79??
3707379,??????????????,4.4,/hotel/3707379.html?isFull=F#ctm_ref=hod_sr_map_dl_txt_6,???????·?????????
1728738,????????????,4.4,/hotel/1728738.html?isFull=F#ctm_ref=hod_sr_map_dl_txt_7,?????????·???????·?????
3786978,??????(??????????),4.4,/hotel/3786978.html?isFull=F#ctm_ref=hod_sr_map_dl_txt_8,???????·?????·?????
15898443,???????ù?,4.8,/hotel/15898443.html?isFull=F#ctm_ref=hod_sr_map_dl_txt_9,??????????·???·??????????B??12???13??
698346,??????????,4.3,/hotel/698346.html?isFull=F#ctm_ref=hod_sr_map_dl_txt_10,?????????????·20??
5431482,?????????(???????),4.3,/hotel/5431482.html?isFull=F#ctm_ref=hod_sr_map_dl_txt_11,?????????????·?????????????????200??·??
1635914,???????????(?????????),4.3,/hotel/1635914.html?isFull=F#ctm_ref=hod_sr_map_dl_txt_12,????????????·???????????
2069450,?????????,4.5,/hotel/2069450.html?isFull=F#ctm_ref=hod_sr_map_dl_txt_13,?????????·??γ??·?????????
690112,????θ??????,4.3,/hotel/690112.html?isFull=F#ctm_ref=hod_sr_map_dl_txt_14,?????????????9??
1489153,????????????????,4.3,/hotel/1489153.html?isFull=F#ctm_ref=hod_sr_map_dl_txt_15,????????????????????C??
34994272,?????????,4.7,/hotel/34994272.html?isFull=F#ctm_ref=hod_sr_map_dl_txt_16,???????¤??·???????·??????·??3-5?1-7??
15032077,???绪???,4.5,/hotel/15032077.html?isFull=F#ctm_ref=hod_sr_map_dl_txt_17,?????δ??·115??
953457,??????????,4.4,/hotel/953457.html?isFull=F#ctm_ref=hod_sr_map_dl_txt_18,?????????·?????????????
1620732,????????о??,4.2,/hotel/1620732.html?isFull=F#ctm_ref=hod_sr_map_dl_txt_19,?????????????????11??
5982667,???????????,4.4,/hotel/5982667.html?isFull=F#ctm_ref=hod_sr_map_dl_txt_20,?????????·?????·???????20??·??
704759,???????5?????,4.2,/hotel/704759.html?isFull=F#ctm_ref=hod_sr_map_dl_txt_21,???????·21??
21124036,????????,4.6,/hotel/21124036.html?isFull=F#ctm_ref=hod_sr_map_dl_txt_22,??????????????·????????????????
1728856,???????????????,4.3,/hotel/1728856.html?isFull=F#ctm_ref=hod_sr_map_dl_txt_23,?????????·????·???????50??·??
29921867,????????????,4.8,/hotel/29921867.html?isFull=F#ctm_ref=hod_sr_map_dl_txt_24,????????·????·???????????
35970674,?????????????,4.9,/hotel/35970674.html?isFull=F#ctm_ref=hod_sr_map_dl_txt_25,???????????????????1???????
28311351,?????????,4.3,/hotel/28311351.html?isFull=F#ctm_ref=hod_sr_map_dl_txt_1,??????????·??????·??????????????
29409663,????????????,4.7,/hotel/29409663.html?isFull=F#ctm_ref=hod_sr_map_dl_txt_2,???????????????C??9??
23565581,?????????(????????????),4.5,/hotel/23565581.html?isFull=F#ctm_ref=hod_sr_map_dl_txt_3,????????????·1??
690109,?????????,4,/hotel/690109.html?isFull=F#ctm_ref=hod_sr_map_dl_txt_4,?????????·3??
11407569,????????????(????????????),4.2,/hotel/11407569.html?isFull=F#ctm_ref=hod_sr_map_dl_txt_5,????????¤??·????????????100??·??
19600000,?????????????,4.2,/hotel/19600000.html?isFull=F#ctm_ref=hod_sr_map_dl_txt_6,????????·33??γ?????????·????·???????100??·??
6868630,?????????,4.2,/hotel/6868630.html?isFull=F#ctm_ref=hod_sr_map_dl_txt_7,??????????·????·???????50??
1729330,???????????,4,/hotel/1729330.html?isFull=F#ctm_ref=hod_sr_map_dl_txt_8,????????·?????·?????
1006482,????????????,4.2,/hotel/1006482.html?isFull=F#ctm_ref=hod_sr_map_dl_txt_9,????????·??????????100??·??
25305937,δ???????ú???(???????????????????),4.6,/hotel/25305937.html?isFull=F#ctm_ref=hod_sr_map_dl_txt_10,?????????????·1??
13928941,?????????,4.3,/hotel/13928941.html?isFull=F#ctm_ref=hod_sr_map_dl_txt_11,??????????????·????????????????150·??
929931,??????????,4,/hotel/929931.html?isFull=F#ctm_ref=hod_sr_map_dl_txt_12,????????·267??
1936677,?????????,4.3,/hotel/1936677.html?isFull=F#ctm_ref=hod_sr_map_dl_txt_13,????????·????????????????150??·??
28756429,???????????????,4.4,/hotel/28756429.html?isFull=F#ctm_ref=hod_sr_map_dl_txt_14,?????????????????????????·?????????????????·156???
840593,?????????????,3.8,/hotel/840593.html?isFull=F#ctm_ref=hod_sr_map_dl_txt_15,???????????·??????·??????100??·??
33621229,??????????(??????·??)(??????????),4.7,/hotel/33621229.html?isFull=F#ctm_ref=hod_sr_map_dl_txt_16,????????·?????·?????????200??·??
3484114,???С??????,4,/hotel/3484114.html?isFull=F#ctm_ref=hod_sr_map_dl_txt_17,???????????????????·???????????
28680000,?????????,4.8,/hotel/28680000.html?isFull=F#ctm_ref=hod_sr_map_dl_txt_18,???????????16??????????B??2??
8948349,????????????,4,/hotel/8948349.html?isFull=F#ctm_ref=hod_sr_map_dl_txt_19,????????·4??
1633846,??????,3.6,/hotel/1633846.html?isFull=F#ctm_ref=hod_sr_map_dl_txt_20,???????????8??
1729359,????????????,3.9,/hotel/1729359.html?isFull=F#ctm_ref=hod_sr_map_dl_txt_21,???????????????·????
1824872,?????????,4.7,/hotel/6872927.html?isFull=F#ctm_ref=hod_sr_map_dl_txt_22,??????????27??
1920385,???о??(?????·??),5,/hotel/36159359.html?isFull=F#ctm_ref=hod_sr_map_dl_txt_23,?????????·41??
2015898,?????????????,5,/hotel/35083272.html?isFull=F#ctm_ref=hod_sr_map_dl_txt_24,????????·????·????????????C??1507
2111411,???????????,3.6,/hotel/739253.html?isFull=F#ctm_ref=hod_sr_map_dl_txt_25,????????·????·??????????
2206924,??????,4.8,/hotel/36159359.html?isFull=F#ctm_ref=hod_sr_map_dl_txt_24,?????????ж??????????8??(???????????????)
2302437,????????,5,/hotel/35083272.html?isFull=F#ctm_ref=hod_sr_map_dl_txt_25,????·22??
2397950,?????????,5,/hotel/739253.html?isFull=F#ctm_ref=hod_sr_map_dl_txt_26,????й???????????????3??63???
2493463,??????????????,5,/hotel/36159359.html?isFull=F#ctm_ref=hod_sr_map_dl_txt_25,??·71??
2588976,?????????????,4.9,/hotel/35083272.html?isFull=F#ctm_ref=hod_sr_map_dl_txt_26,?????????н??????????2??(????????????·?????)
2684489,????????,5,/hotel/739253.html?isFull=F#ctm_ref=hod_sr_map_dl_txt_27,?????????н??????????·2?????????????4-5??
2780002,????????,5,/hotel/36159359.html?isFull=F#ctm_ref=hod_sr_map_dl_txt_26,????л????????·????
2875515,???????,5,/hotel/35083272.html?isFull=F#ctm_ref=hod_sr_map_dl_txt_27,????н????????·??????·????
2971028,??????????????,5,/hotel/739253.html?isFull=F#ctm_ref=hod_sr_map_dl_txt_28,??·??41??
3066541,???????????,4.5,/hotel/36159359.html?isFull=F#ctm_ref=hod_sr_map_dl_txt_27,????н???????·115??
3162054,?????????,4.5,/hotel/35083272.html?isFull=F#ctm_ref=hod_sr_map_dl_txt_28,?????????л????????·????96??
3257567,????????,4.8,/hotel/739253.html?isFull=F#ctm_ref=hod_sr_map_dl_txt_29,?????????????????????97??
3353080,???????????,4.6,/hotel/36159359.html?isFull=F#ctm_ref=hod_sr_map_dl_txt_28,??????????·77??
3448593,???????,4.8,/hotel/35083272.html?isFull=F#ctm_ref=hod_sr_map_dl_txt_29,????н????????·38??
3544106,???????,5,/hotel/739253.html?isFull=F#ctm_ref=hod_sr_map_dl_txt_30,?????????н???????·88??
3639619,??????????,4.9,/hotel/36159359.html?isFull=F#ctm_ref=hod_sr_map_dl_txt_29,?????????н???????·66??(???·??γ??·?????)
3735132,???????????,4.5,/hotel/35083272.html?isFull=F#ctm_ref=hod_sr_map_dl_txt_30,?????????й???????????·319?????????A??
3830645,?????????????,5,/hotel/739253.html?isFull=F#ctm_ref=hod_sr_map_dl_txt_31,?????????й?????????·1??
3926158,????????????,5,/hotel/36159359.html?isFull=F#ctm_ref=hod_sr_map_dl_txt_30,?????????й?????????????ν?D??(???????·??)
4021671,?????????????,4,/hotel/35083272.html?isFull=F#ctm_ref=hod_sr_map_dl_txt_31,?????????н?????????·21??
4117184,????????,4.5,/hotel/739253.html?isFull=F#ctm_ref=hod_sr_map_dl_txt_32,?????????ж??????????????????????
4212697,????????,4.5,/hotel/36159359.html?isFull=F#ctm_ref=hod_sr_map_dl_txt_31,?????????????????????·68??(??????????)?
4308210,??????????,5,/hotel/35083272.html?isFull=F#ctm_ref=hod_sr_map_dl_txt_32,?????????й?????????????·101??
4403723,???????,4.8,/hotel/739253.html?isFull=F#ctm_ref=hod_sr_map_dl_txt_33,???????????????????·156??
4499236,???δ??????,4.8,/hotel/36159359.html?isFull=F#ctm_ref=hod_sr_map_dl_txt_32,??????????δ?????69???1??
4594749,??????????,5,/hotel/35083272.html?isFull=F#ctm_ref=hod_sr_map_dl_txt_33,??????????????????·???·?????(????????????1????)
4690262,???????????,4.8,/hotel/739253.html?isFull=F#ctm_ref=hod_sr_map_dl_txt_34,??????????????????????????1??
4785775,???M???,4.5,/hotel/36159359.html?isFull=F#ctm_ref=hod_sr_map_dl_txt_33,????????¤????·80??
4881288,????????????,4.8,/hotel/35083272.html?isFull=F#ctm_ref=hod_sr_map_dl_txt_34,?????????????·82??
4976801,?????????,4.8,/hotel/739253.html?isFull=F#ctm_ref=hod_sr_map_dl_txt_35,??????·11??
5072314,????????,4.8,/hotel/36159359.html?isFull=F#ctm_ref=hod_sr_map_dl_txt_34,???·8??
5167827,??????????,4.8,/hotel/35083272.html?isFull=F#ctm_ref=hod_sr_map_dl_txt_35,?????????ж??????????5??(???????????)??
5263340,??????,4.8,/hotel/739253.html?isFull=F#ctm_ref=hod_sr_map_dl_txt_36,???·106??
5358853,????????????????,4.8,/hotel/36159359.html?isFull=F#ctm_ref=hod_sr_map_dl_txt_35,?????·?????·????? 
