478696,郑州鹰城鑫地饭店,4.9,/hotel/478696.html?isFull=F#ctm_ref=hod_sr_map_dl_txt_1,二七区大学中路120号(大学路与航海路交叉口向北200米路西）
2245601,艾沐国际酒店(郑州东站会展中心店）,4.9,/hotel/2245601.html?isFull=F#ctm_ref=hod_sr_map_dl_txt_2,管城回族区中州大道与南三环交叉口向东200米
1463896,净隅酒店(郑州高铁东站会展中心店)(原中原福塔店),4.9,/hotel/1463896.html?isFull=F#ctm_ref=hod_sr_map_dl_txt_3,郑东新区航海东路与朝凤路交叉口向南50米路东
2801810,郑州华原颐舍酒店,4.8,/hotel/2801810.html?isFull=F#ctm_ref=hod_sr_map_dl_txt_4,二七区建设路32号
1686615,中州国际饭店(河南博物院店)(原农业路店),4.8,/hotel/1686615.html?isFull=F#ctm_ref=hod_sr_map_dl_txt_5,金水区农业路71号
5544557,净隅酒店(郑州CBD会展中心未来北路店),4.8,/hotel/5544557.html?isFull=F#ctm_ref=hod_sr_map_dl_txt_6,金水区中州大道与黄河路交叉口西北角金成时代广场7号楼
501757,河南天地粤海酒店,4.8,/hotel/501757.html?isFull=F#ctm_ref=hod_sr_map_dl_txt_7,金水区农业路东41号
3664584,郑州M酒店,4.8,/hotel/3664584.html?isFull=F#ctm_ref=hod_sr_map_dl_txt_8,中原区陇海西路80号
1414861,艾尚酒店(郑州郑东新区高铁站店),4.8,/hotel/1414861.html?isFull=F#ctm_ref=hod_sr_map_dl_txt_9,金水区东风南路与创业路交汇处
470983,郑州正方元锦江国际饭店,4.8,/hotel/470983.html?isFull=F#ctm_ref=hod_sr_map_dl_txt_10,郑东新区黄河南路86号
640506,郑州建国饭店,4.8,/hotel/640506.html?isFull=F#ctm_ref=hod_sr_map_dl_txt_11,金水区金水路272号
1841750,仟那隐居精品酒店(郑州国际会展中心店)(原未来路凤凰茶城店),4.8,/hotel/1841750.html?isFull=F#ctm_ref=hod_sr_map_dl_txt_12,管城回族区未来路与青年路交叉口东南角豫茶大厦
430146,河南郑州索菲特国际饭店,4.8,/hotel/430146.html?isFull=F#ctm_ref=hod_sr_map_dl_txt_13,金水区金水路115号
5398498,仟那绿城精品酒店(郑州紫荆山路店),4.8,/hotel/5398498.html?isFull=F#ctm_ref=hod_sr_map_dl_txt_14,管城回族区紫荆山路与航海路交叉口向北200米
1530796,艾尚酒店(郑州中州大道郑汴路店),4.8,/hotel/1530796.html?isFull=F#ctm_ref=hod_sr_map_dl_txt_15,金水区郑汴路建业路交叉口向北200米路西
5214878,喜鹊愉家旅馆(郑州中州大道店)(原东风路店),4.8,/hotel/5214878.html?isFull=F#ctm_ref=hod_sr_map_dl_txt_16,金水区东风路与东明路交叉口西南角
12279551,硕果文化酒店(郑州航海路店),4.8,/hotel/12279551.html?isFull=F#ctm_ref=hod_sr_map_dl_txt_17,管城回族区城东南路与紫辰路交叉口河南文化大厦
18409453,美豪丽致酒店(郑州郑东新区会展中心店),4.8,/hotel/18409453.html?isFull=F#ctm_ref=hod_sr_map_dl_txt_18,郑东新区十里铺街12号
12402379,言竹易舍·过云居(郑州东站CBD会展中心店),4.8,/hotel/12402379.html?isFull=F#ctm_ref=hod_sr_map_dl_txt_19,郑东新区商务外环路与商务东三街景峰国际中心32层
21787931,郑州世航酒店,4.8,/hotel/21787931.html?isFull=F#ctm_ref=hod_sr_map_dl_txt_20,航空港区迎宾大道与郑韩路交叉口
1471926,仟那园说精品酒店(郑州CBD会展中心店),4.8,/hotel/1471926.html?isFull=F#ctm_ref=hod_sr_map_dl_txt_21,郑东新区中州大道与商鼎路交叉口向东150米路南
13789435,喜鹊愉家旅馆(郑州金水路店),4.8,/hotel/13789435.html?isFull=F#ctm_ref=hod_sr_map_dl_txt_22,金水区未来路9号
6650293,郑州新田美爵酒店,4.8,/hotel/6650293.html?isFull=F#ctm_ref=hod_sr_map_dl_txt_23,中原区新田大道1号
667593,郑州思念果岭悦温泉精品酒店,4.8,/hotel/667593.html?isFull=F#ctm_ref=hod_sr_map_dl_txt_24,惠济区黄河南岸86号思念果岭国际社区
10482490,郑州陌上酒店,4.8,/hotel/10482490.html?isFull=F#ctm_ref=hod_sr_map_dl_txt_25,金水区中州大道与晨旭路交叉口向西200米
14998008,花筑·郑州会展中心素朴酒店,4.8,/hotel/14998008.html?isFull=F#ctm_ref=hod_sr_map_dl_txt_1,聂庄商务大厦A座18F
13947688,仟那佰和精品酒店(郑州经开区第三大街店),4.8,/hotel/13947688.html?isFull=F#ctm_ref=hod_sr_map_dl_txt_2,郑东新区第三大街与经南五路交叉口东南角
26557767,郑州大河锦悦酒店,4.8,/hotel/26557767.html?isFull=F#ctm_ref=hod_sr_map_dl_txt_3,郑东新区商务外环路2号
1916249,河南省黄河迎宾馆,4.8,/hotel/1916249.html?isFull=F#ctm_ref=hod_sr_map_dl_txt_4,迎宾路1号
16028749,喜鹊愉家旅馆(郑州紫荆山路店),4.8,/hotel/16028749.html?isFull=F#ctm_ref=hod_sr_map_dl_txt_5,管城回族区航海路与紫荆山路交叉口向西50米路北
23627087,郑州悦际酒店,4.8,/hotel/23627087.html?isFull=F#ctm_ref=hod_sr_map_dl_txt_6,中原区建设西路112号楼
1318420,郑州江南春温泉度假酒店,4.8,/hotel/1318420.html?isFull=F#ctm_ref=hod_sr_map_dl_txt_7,江山路北段与沿黄快速通道向西六公里路北
1100058,郑州未来大酒店,4.8,/hotel/1100058.html?isFull=F#ctm_ref=hod_sr_map_dl_txt_8,金水区未来路69号
29713796,花筑·天成酒店(郑州国际机场店),4.8,/hotel/29713796.html?isFull=F#ctm_ref=hod_sr_map_dl_txt_9,航空港区郑港办事处长安路天成广场2号楼17号
13929313,园博园建国饭店(郑州机场店),4.8,/hotel/13929313.html?isFull=F#ctm_ref=hod_sr_map_dl_txt_10,航空港区园博西路与梁州大道交叉口南200米
1531295,河南宋基国际公益文化交流服务中心,4.8,/hotel/1531295.html?isFull=F#ctm_ref=hod_sr_map_dl_txt_11,金水区九如东路与龙湖外环路交叉口
1281269,绿城中州国际大饭店(郑州CBD会展中心店),4.7,/hotel/1281269.html?isFull=F#ctm_ref=hod_sr_map_dl_txt_12,金水区金水路201号
3665488,郑州富力万达文华酒店,4.7,/hotel/3665488.html?isFull=F#ctm_ref=hod_sr_map_dl_txt_13,金水区农科路16号
6687948,绿地怡思得酒店(郑州高铁东站店),4.7,/hotel/6687948.html?isFull=F#ctm_ref=hod_sr_map_dl_txt_14,郑东新区普惠路81号
782527,郑州粤海酒店,4.7,/hotel/782527.html?isFull=F#ctm_ref=hod_sr_map_dl_txt_15,二七区德化步行街39号
1255144,郑州东湖宾馆,4.7,/hotel/1255144.html?isFull=F#ctm_ref=hod_sr_map_dl_txt_16,郑东新区农业南路与七里河南路交叉口西南角
481708,郑州裕达国贸酒店,4.7,/hotel/481708.html?isFull=F#ctm_ref=hod_sr_map_dl_txt_17,中原区中原中路220号
7120291,郑州中晟卡莱顿大酒店,4.7,/hotel/7120291.html?isFull=F#ctm_ref=hod_sr_map_dl_txt_18,中原区中原中路82号中晟银泰国际中心
501796,郑州凯芙国际饭店,4.7,/hotel/501796.html?isFull=F#ctm_ref=hod_sr_map_dl_txt_19,新郑国际机场迎宾大道1号
1302713,郑州美盛喜来登大酒店,4.7,/hotel/1302713.html?isFull=F#ctm_ref=hod_sr_map_dl_txt_20,郑东新区金水东路33号
1053417,郑州绿地JW万豪酒店,4.7,/hotel/1053417.html?isFull=F#ctm_ref=hod_sr_map_dl_txt_21,金水区商务中央公园2号千玺广场
974829,喜鹊愉家旅馆(郑州东明路旗舰店),4.7,/hotel/974829.html?isFull=F#ctm_ref=hod_sr_map_dl_txt_22,管城回族区东明路商城路交叉口往北20米路东
501792,郑州郑飞国际酒店,4.7,/hotel/501792.html?isFull=F#ctm_ref=hod_sr_map_dl_txt_23,二七区南三环与大学路交叉口向西500米路北
4498164,郑州璞居酒店,4.7,/hotel/4498164.html?isFull=F#ctm_ref=hod_sr_map_dl_txt_24,郑东新区黄河南路与宏图街交汇处往西100米北
1318801,中都饭店(郑州二七万达店),4.7,/hotel/1318801.html?isFull=F#ctm_ref=hod_sr_map_dl_txt_25,二七区航海中路99号
4546285,璞华酒店(郑州高铁站店),4.7,/hotel/4546285.html?isFull=F#ctm_ref=hod_sr_map_dl_txt_1,郑东新区康宁街与心怡路交汇处向东100米路南
2106419,康利中州国际大饭店(郑州奥体中心店)(原纺织城店),4.7,/hotel/2106419.html?isFull=F#ctm_ref=hod_sr_map_dl_txt_2,中原区西四环与郑上路交汇处（向北200米路西）
1740530,河南盛世民航国际酒店,4.7,/hotel/1740530.html?isFull=F#ctm_ref=hod_sr_map_dl_txt_3,金水区金水路与东明路交叉口
2709624,郑州汇艺万怡酒店,4.7,/hotel/2709624.html?isFull=F#ctm_ref=hod_sr_map_dl_txt_4,管城回族区商鼎路77号
3158310,郑州泰宏文森特国际酒店,4.7,/hotel/3158310.html?isFull=F#ctm_ref=hod_sr_map_dl_txt_5,郑东新区和顺街与商鼎路交叉口向东50米路南
4696026,郑州璞舍私式微酒店,4.7,/hotel/4696026.html?isFull=F#ctm_ref=hod_sr_map_dl_txt_6,郑东新区CBD商务外环路27号
3663960,郑州裕鸿富荟酒店(机场店),4.7,/hotel/3663960.html?isFull=F#ctm_ref=hod_sr_map_dl_txt_7,航空港区四港联动大道与郑港五路交汇口25号
786163,郑州中油花园酒店,4.7,/hotel/786163.html?isFull=F#ctm_ref=hod_sr_map_dl_txt_8,郑东新区商务外环路11号
430285,郑州郑东新区雅乐轩酒店,4.7,/hotel/430285.html?isFull=F#ctm_ref=hod_sr_map_dl_txt_9,郑东新区金水东路49号
1298600,郑州弘润华夏大酒店,4.7,/hotel/1298600.html?isFull=F#ctm_ref=hod_sr_map_dl_txt_10,惠济区丰乐路96号
6130301,仟那云松精品酒店(郑州东站店),4.7,/hotel/6130301.html?isFull=F#ctm_ref=hod_sr_map_dl_txt_11,郑东新区商都路与中兴南路向北200米凯利国际中心
15091448,阅澜精品酒店(郑州CBD会展中心店),4.7,/hotel/15091448.html?isFull=F#ctm_ref=hod_sr_map_dl_txt_12,金水区未来路116号
5306302,仟那尚院精品酒店(郑州会展中心店),4.7,/hotel/5306302.html?isFull=F#ctm_ref=hod_sr_map_dl_txt_13,郑东新区黄河南路与金水东路交叉口向南100米）
14212425,迈沃酒店（郑州高铁东站店）,4.7,/hotel/14212425.html?isFull=F#ctm_ref=hod_sr_map_dl_txt_14,管城回族区中兴南路与福禄街交叉口向西连邦大厦东门
6168328,郑州天明精品酒店,4.7,/hotel/6168328.html?isFull=F#ctm_ref=hod_sr_map_dl_txt_15,郑东新区会展中心郑州高铁东众旺路与正光北街交叉口
13947024,郑州铭汇文华酒店,4.7,/hotel/13947024.html?isFull=F#ctm_ref=hod_sr_map_dl_txt_16,管城回族区郑州市中州大道与航海东路交叉口
482912,海容大酒店(郑州郑东新区店),4.7,/hotel/482912.html?isFull=F#ctm_ref=hod_sr_map_dl_txt_17,郑东新区民生路与正光路交汇处
2784305,河南文鼎雅轩酒店,4.7,/hotel/2784305.html?isFull=F#ctm_ref=hod_sr_map_dl_txt_18,金水区经三路和广电南路南100米路东省文学院内
14082137,郑州朵哈国际假日宾馆,4.7,/hotel/14082137.html?isFull=F#ctm_ref=hod_sr_map_dl_txt_19,金水区中州大道与北三环交叉口西南角
6738742,郑州天地丽笙酒店,4.8,/hotel/6738742.html?isFull=F#ctm_ref=hod_sr_map_dl_txt_20,英才街1号
9098728,茉舍酒店(郑州高铁站绿地原盛店),4.7,/hotel/9098728.html?isFull=F#ctm_ref=hod_sr_map_dl_txt_21,郑东新区东风南路与祥盛街交叉口绿地原盛国际2号楼2单元3楼
8352911,郑州银河来旺达酒店,4.7,/hotel/8352911.html?isFull=F#ctm_ref=hod_sr_map_dl_txt_22,郑东新区商都路与七里河南路交叉口
25750929,郑州优艾美栖遇酒店,4.8,/hotel/25750929.html?isFull=F#ctm_ref=hod_sr_map_dl_txt_23,航空港区华夏大道与云港路交叉口
857563,郑州逸泉国际酒店,4.7,/hotel/857563.html?isFull=F#ctm_ref=hod_sr_map_dl_txt_24,郑东新区通泰路与陇海高架交汇处路东通泰路1号
2701159,五月时尚酒店(郑州经三路店),4.7,/hotel/2701159.html?isFull=F#ctm_ref=hod_sr_map_dl_txt_25,金水区经三路与鑫苑路交汇处
20058517,郑州郑东智选假日酒店,4.7,/hotel/20058517.html?isFull=F#ctm_ref=hod_sr_map_dl_txt_1,郑东新区创业路与心怡路交叉口西北角绿地之窗逸峰座3号楼
17079335,郑州高新希尔顿欢朋酒店,4.7,/hotel/17079335.html?isFull=F#ctm_ref=hod_sr_map_dl_txt_2,中原区玉兰街16号
27846017,郑州建业天筑国际公寓,4.8,/hotel/27846017.html?isFull=F#ctm_ref=hod_sr_map_dl_txt_3,郑东新区康宁街58号9号楼
1434023,雅文大酒店（河南CBD熙地港店）,4.7,/hotel/1434023.html?isFull=F#ctm_ref=hod_sr_map_dl_txt_4,郑东新区地德街16号（熙地港南侧）
2107033,来旺达酒店(郑州会展中心店),4.8,/hotel/2107033.html?isFull=F#ctm_ref=hod_sr_map_dl_txt_5,金水区未来路9号
1614154,梧桐树假日酒店(郑州会展中心高铁站店),4.7,/hotel/1614154.html?isFull=F#ctm_ref=hod_sr_map_dl_txt_6,金水区商务外环与通泰路交汇处向南200米
9347520,喜鹊愉家旅馆(郑州高铁东站店)(原中原福塔店),4.7,/hotel/9347520.html?isFull=F#ctm_ref=hod_sr_map_dl_txt_7,郑东新区航海路与第三大街交叉口往东50米路北
20059394,ONE·酒店(郑州高铁东站店),4.7,/hotel/20059394.html?isFull=F#ctm_ref=hod_sr_map_dl_txt_8,郑东新区中兴南路与康宁街交叉口南50米路西
25696610,仟那映唐酒店(郑州高新区店),4.8,/hotel/25696610.html?isFull=F#ctm_ref=hod_sr_map_dl_txt_9,中原区瑞达路化工路北路西
11243107,仟那酒店(郑州京广路店),4.7,/hotel/11243107.html?isFull=F#ctm_ref=hod_sr_map_dl_txt_10,二七区京广路与长江路交叉口江泰天宇国际2号楼
17586725,茉舍酒店(郑州CBD会展中心店),4.7,/hotel/17586725.html?isFull=F#ctm_ref=hod_sr_map_dl_txt_11,郑东新区正光路德厚街行署国际E座9楼
9583646,和颐至格酒店(郑州郑东新区高铁站店),4.7,/hotel/9583646.html?isFull=F#ctm_ref=hod_sr_map_dl_txt_12,郑东新区正光北街与众旺路东北角
801134,郑州希尔顿酒店,4.6,/hotel/801134.html?isFull=F#ctm_ref=hod_sr_map_dl_txt_13,金水区金水路288号
5235182,LP酒店(郑州高铁东站店),4.6,/hotel/5235182.html?isFull=F#ctm_ref=hod_sr_map_dl_txt_14,郑东新区商鼎路与心怡路交叉口西南角
5318907,郑州新亚国际大酒店,4.6,/hotel/5318907.html?isFull=F#ctm_ref=hod_sr_map_dl_txt_15,管城回族区二七路26号
8039048,海赋·容锦酒店(郑州高铁东站店),4.6,/hotel/8039048.html?isFull=F#ctm_ref=hod_sr_map_dl_txt_16,郑东新区普济路与福禄路路口
1669754,麗枫酒店(郑州花园路店),4.6,/hotel/1669754.html?isFull=F#ctm_ref=hod_sr_map_dl_txt_17,金水区花园路与纬五路交叉口向东200米路南
667455,郑州建业艾美酒店,4.6,/hotel/667455.html?isFull=F#ctm_ref=hod_sr_map_dl_txt_18,金水区中州大道1188号
430196,郑州美豪诺富特会展中心酒店,4.6,/hotel/430196.html?isFull=F#ctm_ref=hod_sr_map_dl_txt_19,金水区CBD商务外环路17号
608601,郑州天鹅城国际饭店,4.6,/hotel/608601.html?isFull=F#ctm_ref=hod_sr_map_dl_txt_20,郑东新区商鼎路与康平路交汇处
481717,郑州长城饭店,4.6,/hotel/481717.html?isFull=F#ctm_ref=hod_sr_map_dl_txt_21,金水区经三路14号
1466980,大浪淘沙时尚酒店(郑州动物园店),4.6,/hotel/1466980.html?isFull=F#ctm_ref=hod_sr_map_dl_txt_22,金水区花园路与农科路交叉口向东至政七街口
8312763,喜鹊愉家旅馆(郑州CBD会展中心店),4.6,/hotel/8312763.html?isFull=F#ctm_ref=hod_sr_map_dl_txt_23,郑东新区龙湖外环南路如意东路交叉口向北100米路东
1406704,格尔国际饭店(郑州高铁东站会展中心店),4.6,/hotel/1406704.html?isFull=F#ctm_ref=hod_sr_map_dl_txt_24,管城回族区第八大街106号
1729121,郑州瑞吉豪悦国际酒店,4.6,/hotel/1729121.html?isFull=F#ctm_ref=hod_sr_map_dl_txt_25,郑东新区第八大街和经北一路交叉口向西50米路北
1290190,郑州港区智选假日酒店,4.6,/hotel/1290190.html?isFull=F#ctm_ref=hod_sr_map_dl_txt_1,港区华夏大道6号，近振兴路
386930,河南中州皇冠假日酒店,4.6,/hotel/386930.html?isFull=F#ctm_ref=hod_sr_map_dl_txt_2,金水区金水路与经三路交汇处路南
1542378,郑州名人名家国际酒店,4.6,/hotel/1542378.html?isFull=F#ctm_ref=hod_sr_map_dl_txt_3,郑东新区商鼎路70号
32124366,郑州博乐诗酒店式公寓,4.7,/hotel/32124366.html?isFull=F#ctm_ref=hod_sr_map_dl_txt_4,金水区经三路北86号
967283,郑州福缘国际酒店(省武警总队招待所),4.6,/hotel/967283.html?isFull=F#ctm_ref=hod_sr_map_dl_txt_5,金水区东风南路与正光北街交叉口西北角65号
1728763,郑州光华大酒店,4.6,/hotel/1728763.html?isFull=F#ctm_ref=hod_sr_map_dl_txt_6,中原区高新技术产业开发区瑞达路68号
1948199,鑫仕麟假日酒店(郑州东站会展中心店),4.6,/hotel/1948199.html?isFull=F#ctm_ref=hod_sr_map_dl_txt_7,正光路与众旺路交叉口行署国际A座
511540,郑州格瑞芙精品酒店,4.6,/hotel/511540.html?isFull=F#ctm_ref=hod_sr_map_dl_txt_8,金水区祥盛街16号
1730227,郑州嵩山饭店,4.6,/hotel/1730227.html?isFull=F#ctm_ref=hod_sr_map_dl_txt_9,中原区嵩山路与伊河路交叉口向西400米路南
684400,河南泓元大酒店,4.6,/hotel/684400.html?isFull=F#ctm_ref=hod_sr_map_dl_txt_10,金水区红专路与政七街交汇处
11689714,郑州航空港万怡酒店,4.6,/hotel/11689714.html?isFull=F#ctm_ref=hod_sr_map_dl_txt_11,航空港区远航路63号A座，近远航路，锦荣悦汇城
25371297,仟那雅悦酒店(郑州高新区瑞达路店),4.8,/hotel/25371297.html?isFull=F#ctm_ref=hod_sr_map_dl_txt_12,中原区瑞达路木兰里向西300米
1730368,郑州金融大酒店,4.7,/hotel/1730368.html?isFull=F#ctm_ref=hod_sr_map_dl_txt_13,金水区商务外环路21号
430303,郑州上街雅乐轩酒店,4.6,/hotel/430303.html?isFull=F#ctm_ref=hod_sr_map_dl_txt_14,上街区中心路101号
17077721,纳澜优舍酒店(郑州CBD会展中心店),4.6,/hotel/17077721.html?isFull=F#ctm_ref=hod_sr_map_dl_txt_15,郑东新区商务外环路7号
21745775,柏维酒店(郑州CBD会展中心店),4.6,/hotel/21745775.html?isFull=F#ctm_ref=hod_sr_map_dl_txt_16,金水区金水路125号
26412189,郑州铂心智选酒店,4.6,/hotel/26412189.html?isFull=F#ctm_ref=hod_sr_map_dl_txt_17,郑东新区商鼎路与东风南路交汇处
27732471,仟那酒店(郑州花园北路店),4.7,/hotel/27732471.html?isFull=F#ctm_ref=hod_sr_map_dl_txt_18,惠济区花园路与迎宾路交叉口西南角
19924774,郑州华智酒店,4.8,/hotel/19924774.html?isFull=F#ctm_ref=hod_sr_map_dl_txt_19,中原区科学大道97号
31579776,郑州国信酒店,4.8,/hotel/31579776.html?isFull=F#ctm_ref=hod_sr_map_dl_txt_20,金水区红专路116号
512733,郑州新华建国饭店,4.5,/hotel/512733.html?isFull=F#ctm_ref=hod_sr_map_dl_txt_21,金水区人民路22号
876463,中州国际饭店(郑州未来路CBD会展中心店),4.5,/hotel/876463.html?isFull=F#ctm_ref=hod_sr_map_dl_txt_22,金水区未来路与纬五路交叉口向北200米路东（未来路73号） 
3326757,郑州御玺中州国际饭店,4.5,/hotel/3326757.html?isFull=F#ctm_ref=hod_sr_map_dl_txt_23,管城回族区管城回族区东明路郑汴路交叉口向北50米路西
1895141,河南五洲大酒店,4.5,/hotel/1895141.html?isFull=F#ctm_ref=hod_sr_map_dl_txt_24,金水区东风路与天明路交叉口东南角
484385,郑州中州智选假日酒店,4.5,/hotel/484385.html?isFull=F#ctm_ref=hod_sr_map_dl_txt_25,金水区金水路114号
1185023,郑州香堤湾酒店,4.6,/hotel/1185023.html?isFull=F#ctm_ref=hod_sr_map_dl_txt_1,中原西路与商隐路交叉口
668918,圣菲特花园酒店(郑州高铁东站会展中心店),4.5,/hotel/668918.html?isFull=F#ctm_ref=hod_sr_map_dl_txt_2,金水区金水东路与通泰路交汇处北50米
1678403,大河国际饭店(郑州高铁会展中心店),4.5,/hotel/1678403.html?isFull=F#ctm_ref=hod_sr_map_dl_txt_3,郑东新区国家经济技术开发区第三大街与经北五路交叉口
28766076,郑州碧源悦喜酒店,4.6,/hotel/28766076.html?isFull=F#ctm_ref=hod_sr_map_dl_txt_4,惠济区文化北路与假日西路交汇处向西
684457,百利中州国际饭店(郑州紫荆山店),4.4,/hotel/684457.html?isFull=F#ctm_ref=hod_sr_map_dl_txt_5,金水区经五路五号
1730200,郑州百顺国际酒店,4.4,/hotel/1730200.html?isFull=F#ctm_ref=hod_sr_map_dl_txt_6,二七区郑密路1号
21639909,郑州龙子湖智选假日酒店,4.5,/hotel/21639909.html?isFull=F#ctm_ref=hod_sr_map_dl_txt_7,郑东新区平安大道190号
430245,郑州中州假日酒店,4.4,/hotel/430245.html?isFull=F#ctm_ref=hod_sr_map_dl_txt_8,金水区金水路115号
21631656,郑州慧闻菩提静舍酒店,4.6,/hotel/21631656.html?isFull=F#ctm_ref=hod_sr_map_dl_txt_9,郑东新区心怡路与祥盛街交叉口西北角
5226321,郑州M.King爱玛金酒店,4.4,/hotel/5226321.html?isFull=F#ctm_ref=hod_sr_map_dl_txt_10,郑东新区第八大街经南六路交叉口东南角
31921877,仟那酒店(郑州二七路店),4.7,/hotel/31921877.html?isFull=F#ctm_ref=hod_sr_map_dl_txt_11,金水区二七路79号
31449039,仟那酒店(郑州中州大道店),4.8,/hotel/31449039.html?isFull=F#ctm_ref=hod_sr_map_dl_txt_12,金水区国基路2号
1523025,郑州航空港沃金大酒店,4.3,/hotel/1523025.html?isFull=F#ctm_ref=hod_sr_map_dl_txt_13,郑港四街2号(与郑港十路交叉口西北)
8837934,郑州碧祥国际酒店,4.4,/hotel/8837934.html?isFull=F#ctm_ref=hod_sr_map_dl_txt_14,中原区科学大道与檀香路交叉口向南100米
1195725,郑州红旗渠酒店,4.6,/hotel/1195725.html?isFull=F#ctm_ref=hod_sr_map_dl_txt_15,金水区花园路北环路交叉口北200米路西
1729175,河南金桥宾馆,4.2,/hotel/1729175.html?isFull=F#ctm_ref=hod_sr_map_dl_txt_16,金水区金水路43号，近大石桥
34149145,郑州易元深航国际酒店,4.7,/hotel/34149145.html?isFull=F#ctm_ref=hod_sr_map_dl_txt_17,郑东新区心怡路易元国际4层407号
34204484,桔子水晶酒店(郑州会展中心中州大道店),4.9,/hotel/34204484.html?isFull=F#ctm_ref=hod_sr_map_dl_txt_18,金水区商都路十里铺街诚工大厦西塔12号
1729519,郑州御花园酒店,4.2,/hotel/1729519.html?isFull=F#ctm_ref=hod_sr_map_dl_txt_19,金水区黄河北街9号，红专路与黄河北街交汇处向南50米路西
1531269,郑州黄河谷温泉酒店,4,/hotel/1531269.html?isFull=F#ctm_ref=hod_sr_map_dl_txt_20,惠济区江山路北段黄河大堤东1公里，丰乐农庄内
19871330,郑州顺和禧酒店,0,/hotel/19871330.html?isFull=F#ctm_ref=hod_sr_map_dl_txt_21,郑东新区中兴南路与康宁街西南角 万众大厦3楼
33928699,郑州滨河假日酒店,0,/hotel/33928699.html?isFull=F#ctm_ref=hod_sr_map_dl_txt_22,郑东新区第十五大街与经南八路交汇处滨河国际中心C座
1698914,新密承誉德大酒店,4.9,/hotel/1698914.html?isFull=F#ctm_ref=hod_sr_map_dl_txt_23,西大街西段88号
14821526,美程文旅酒店(登封观书院店),4.9,/hotel/14821526.html?isFull=F#ctm_ref=hod_sr_map_dl_txt_24,书院河路与大禹路交叉口往北 正德苑6楼
6523061,登封中州华鼎饭店,4.8,/hotel/6523061.html?isFull=F#ctm_ref=hod_sr_map_dl_txt_25,福佑路与玉带路交汇处向北200米路西
839559,登封嵩山地豪大酒店,4.8,/hotel/839559.html?isFull=F#ctm_ref=hod_sr_map_dl_txt_1,大禹路与少室路交叉口向东50米路北
17266801,禅月酒店(嵩山少林寺店),4.8,/hotel/17266801.html?isFull=F#ctm_ref=hod_sr_map_dl_txt_2,南一环与长青路交叉口
9203736,登封嵩山居精品民宿,4.8,/hotel/9203736.html?isFull=F#ctm_ref=hod_sr_map_dl_txt_3,大禹路与崇福路向东100米路北
17267305,新郑鑫港万豪酒店,4.8,/hotel/17267305.html?isFull=F#ctm_ref=hod_sr_map_dl_txt_4,北区创业路与湖滨路交汇处
2296034,昆仑雅居度假酒店(郑州雁鸣湖风景区店),4.8,/hotel/2296034.html?isFull=F#ctm_ref=hod_sr_map_dl_txt_5,雁鸣湖风景区内环湖路西侧
857546,登封锦鹏生态酒店,4.7,/hotel/857546.html?isFull=F#ctm_ref=hod_sr_map_dl_txt_6,少林路天中路北2公里
1708879,郑州华裕国际酒店,4.7,/hotel/1708879.html?isFull=F#ctm_ref=hod_sr_map_dl_txt_7,东区陇海路107号（与嵩山路交叉口）
839617,登封禅武大酒店,4.7,/hotel/839617.html?isFull=F#ctm_ref=hod_sr_map_dl_txt_8,大禹路西段鹅坡岭（近鹅坡武校）
18550941,郑州方特假日酒店,4.7,/hotel/18550941.html?isFull=F#ctm_ref=hod_sr_map_dl_txt_9,郑汴物流通道与人文路交叉口
13348359,登封颐舍登峰酒店,4.7,/hotel/13348359.html?isFull=F#ctm_ref=hod_sr_map_dl_txt_10,大禹路与禅武路交叉口向东50米路南
1690303,登封天中大酒店,4.4,/hotel/1690303.html?isFull=F#ctm_ref=hod_sr_map_dl_txt_11,登封中岳大街守敬路交叉口中岳大街东段22号
1737917,新密青屏宾馆,4.4,/hotel/1737917.html?isFull=F#ctm_ref=hod_sr_map_dl_txt_12,行政路9号（近新生路）
1730275,郑州金鼎澳门国际饭店,4.5,/hotel/1730275.html?isFull=F#ctm_ref=hod_sr_map_dl_txt_13,薛店世纪大道与友谊路交叉口
1728564,郑州海龙大酒店,4.3,/hotel/1728564.html?isFull=F#ctm_ref=hod_sr_map_dl_txt_14,索河路与棋源路交叉口
5279196,登封嵩御山庄酒店,4.3,/hotel/5279196.html?isFull=F#ctm_ref=hod_sr_map_dl_txt_15,大金店镇三王庄村北
32172501,仟那酒店(新郑南龙湖店),4.7,/hotel/32172501.html?isFull=F#ctm_ref=hod_sr_map_dl_txt_16,孟庄镇双湖大道求实路口西北角飞宇机电城26号楼
25409413,新郑华美达酒店,4.5,/hotel/25409413.html?isFull=F#ctm_ref=hod_sr_map_dl_txt_17,中兴大道南侧
6275757,嵩山禅居国际饭店,4.2,/hotel/6275757.html?isFull=F#ctm_ref=hod_sr_map_dl_txt_18,嵩山少林寺景区内武术馆西
24397533,登封大熊山假日酒店,4.9,/hotel/24397533.html?isFull=F#ctm_ref=hod_sr_map_dl_txt_19,徐庄镇大熊山摘星楼景区
33599439,中牟雁鸣蟹岛度假村,0,/hotel/33599439.html?isFull=F#ctm_ref=hod_sr_map_dl_txt_20,雁鸣湖镇小店村南200米
479994,河南永和铂爵国际酒店,4.8,/hotel/479994.html?isFull=T#ctm_ref=hod_sr_map_dl_txt_21,郑东新区金水东路21号
931363,郑州大河锦江饭店,4.7,/hotel/931363.html?isFull=T#ctm_ref=hod_sr_map_dl_txt_22,金水区花园路66号（花园路与纬五路交叉口）
6862493,郑州品忆酒店(原地税宾馆),4.8,/hotel/6862493.html?isFull=T#ctm_ref=hod_sr_map_dl_txt_23,二七区兴华南街15号
11960735,海为酒店(郑州二七万达店),4.7,/hotel/11960735.html?isFull=T#ctm_ref=hod_sr_map_dl_txt_24,二七区航海中路60号
641292,郑州丰乐园大酒店,4.6,/hotel/641292.html?isFull=T#ctm_ref=hod_sr_map_dl_txt_25,惠济区南阳路北段
id,name,score,url,address
8378314,麗枫酒店(郑州经开区国际物流园方特店),4.9,/hotel/8378314.html?isFull=F#ctm_ref=hod_sr_map_dl_txt_1,经济技术开发区新安路与凤栖路交汇处西南角
5565805,锦江都城酒店(郑州嵩山路店),4.9,/hotel/5565805.html?isFull=F#ctm_ref=hod_sr_map_dl_txt_2,二七区嵩山南路1号
1300033,维也纳酒店(郑州机场店),4.8,/hotel/1300033.html?isFull=F#ctm_ref=hod_sr_map_dl_txt_3,四港联动大道与云港路交汇处
1633884,郑州未来宜居净宜酒店,4.8,/hotel/1633884.html?isFull=F#ctm_ref=hod_sr_map_dl_txt_4,金水区经一路与政四街交汇处
1200266,郑州麒御酒店（东站会展中心店）,4.8,/hotel/1200266.html?isFull=F#ctm_ref=hod_sr_map_dl_txt_5,金水区农业南路与正光北街交叉口邮政大厦
1359886,锦江都城酒店(郑州二七万达广场店),4.8,/hotel/1359886.html?isFull=F#ctm_ref=hod_sr_map_dl_txt_6,二七区大学南路8号
6832154,希岸酒店(郑州未来路会展中心店),4.8,/hotel/6832154.html?isFull=F#ctm_ref=hod_sr_map_dl_txt_7,金水区纬五路66号
8969716,维也纳酒店(郑州第八大街店),4.8,/hotel/8969716.html?isFull=F#ctm_ref=hod_sr_map_dl_txt_8,管城回族区第八大街与经南三路交叉口
1418772,郑州凯宾世家酒店,4.8,/hotel/1418772.html?isFull=F#ctm_ref=hod_sr_map_dl_txt_9,二七区南三环与连云路交叉口
2864460,喜鹊愉家旅馆(郑州中原万达店),4.8,/hotel/2864460.html?isFull=F#ctm_ref=hod_sr_map_dl_txt_10,中原区中原路与华山路交叉口
16068675,米兰印象酒店(郑州国际机场店),4.8,/hotel/16068675.html?isFull=F#ctm_ref=hod_sr_map_dl_txt_11,航空港区金港大道中段
8984000,维也纳国际酒店(郑州中原福塔店),4.8,/hotel/8984000.html?isFull=F#ctm_ref=hod_sr_map_dl_txt_12,管城回族区航海东路中原福塔
1587095,璞华酒店(郑州花园路店)(原豫粮大酒店),4.8,/hotel/1587095.html?isFull=F#ctm_ref=hod_sr_map_dl_txt_13,金水区花园路与红旗路交叉口
1588606,维也纳酒店(郑州郑汴路店)(原华豫柠檬酒店),4.8,/hotel/1588606.html?isFull=F#ctm_ref=hod_sr_map_dl_txt_14,金水区郑汴路与玉凤路交叉口
11156852,H酒店(郑州航海路店),4.8,/hotel/11156852.html?isFull=F#ctm_ref=hod_sr_map_dl_txt_15,管城回族区航海东路正商国际广场B座
17055429,维也纳酒店(郑州东站连邦大厦店),4.8,/hotel/17055429.html?isFull=F#ctm_ref=hod_sr_map_dl_txt_16,郑东新区中兴南路与福禄街交叉口向西连邦大厦西门1001号
25690909,郑州轻巢酒店,4.8,/hotel/25690909.html?isFull=F#ctm_ref=hod_sr_map_dl_txt_17,二七区漓江路23-12号
1484971,全季酒店(郑州花园路店),4.7,/hotel/1484971.html?isFull=F#ctm_ref=hod_sr_map_dl_txt_18,金水区郑花路20号
2015235,未来宜居精品酒店(郑州文化路郑大二附院店),4.7,/hotel/2015235.html?isFull=F#ctm_ref=hod_sr_map_dl_txt_19,金水区文化路与纬三路交叉口
1610877,锦江之星品尚(郑州东风路轻工业学院店),4.7,/hotel/1610877.html?isFull=F#ctm_ref=hod_sr_map_dl_txt_20,金水区东风路2号
5732598,麗枫酒店(郑州高新区科学大道店),4.7,/hotel/5732598.html?isFull=F#ctm_ref=hod_sr_map_dl_txt_23,高新区科学大道57号
8705309,希岸酒店(郑州国基路店),4.7,/hotel/8705309.html?isFull=F#ctm_ref=hod_sr_map_dl_txt_24,河南省郑州市金水区国基路与普庆路交汇处西北角弘毅大厦一楼
6648541,锦江之星品尚(郑州大学陇海路店),4.7,/hotel/6648541.html?isFull=F#ctm_ref=hod_sr_map_dl_txt_1,二七区陇海路淮北街交叉口
7297326,郑州喆非酒店(原郑州墨秀丽都酒店),4.7,/hotel/7297326.html?isFull=F#ctm_ref=hod_sr_map_dl_txt_2,金水区文化路81号
2062952,郑州爱美乐风格酒店,4.7,/hotel/2062952.html?isFull=F#ctm_ref=hod_sr_map_dl_txt_3,二七区陇海中路与兴华街交叉口
1086221,郑州雨果城市酒店,4.7,/hotel/1086221.html?isFull=F#ctm_ref=hod_sr_map_dl_txt_4,金水区花园路与丰产路交叉口向东200米
1349470,晶玺.爱丽舍酒店(郑州东站CBD会展中心店),4.7,/hotel/1349470.html?isFull=F#ctm_ref=hod_sr_map_dl_txt_5,郑东新区CBD商务外环路27号景峰国际中心13层
7359680,宜尚酒店(郑州会展中心红专路店),4.7,/hotel/7359680.html?isFull=F#ctm_ref=hod_sr_map_dl_txt_6,金水区红专路128号
7573598,全季酒店(郑州紫荆山花园路店),4.7,/hotel/7573598.html?isFull=F#ctm_ref=hod_sr_map_dl_txt_7,金水区纬五路39号
739110,山水时尚酒店(郑州农业路店),4.7,/hotel/739110.html?isFull=F#ctm_ref=hod_sr_map_dl_txt_8,金水区农业路52号，近南阳路。 （ 农业路、文化路）
22418985,宜必思酒店(郑州陇海路店),4.8,/hotel/22418985.html?isFull=F#ctm_ref=hod_sr_map_dl_txt_9,桐柏南路20号
6002230,郑州枫桥盈客商务酒店,4.7,/hotel/6002230.html?isFull=F#ctm_ref=hod_sr_map_dl_txt_10,金水区丰庆路与国基路交叉口南200米路西
21790888,喆啡酒店(郑州郑汴路会展中心店),4.8,/hotel/21790888.html?isFull=F#ctm_ref=hod_sr_map_dl_txt_11,郑汴路英协路交叉口向北100路
13949427,茉舍·致家酒店(郑州航空港机场店),4.7,/hotel/13949427.html?isFull=F#ctm_ref=hod_sr_map_dl_txt_12,航空港区鄱阳湖路与雍州路交叉口锦荣悦汇城D座
2306672,鑫地酒店(郑州中原万达店),4.7,/hotel/2306672.html?isFull=F#ctm_ref=hod_sr_map_dl_txt_13,中原区建设西路与华山路交叉口向西200米路南
5485854,鸿果时尚酒店(郑州国贸360店),4.7,/hotel/5485854.html?isFull=F#ctm_ref=hod_sr_map_dl_txt_14,金水区丰产路与政七街交叉口
12069724,郑州铂瑞映象酒店,4.7,/hotel/12069724.html?isFull=F#ctm_ref=hod_sr_map_dl_txt_15,金水区顺河路32号
25050468,喆啡酒店(郑州北环海洋馆店),4.8,/hotel/25050468.html?isFull=F#ctm_ref=hod_sr_map_dl_txt_16,金水区中方园路与宏达街交叉口向西100米
14215807,万悦酒店(郑州CBD会展中心店),4.7,/hotel/14215807.html?isFull=F#ctm_ref=hod_sr_map_dl_txt_17,金水区未来路纬四路交叉口
20546257,希岸·轻雅酒店(郑州南三环中原福塔店),4.8,/hotel/20546257.html?isFull=F#ctm_ref=hod_sr_map_dl_txt_18,管城回族区中州大道与南三环交叉口
14016304,爱泊酒店(郑州经三路红旗路店),4.7,/hotel/14016304.html?isFull=F#ctm_ref=hod_sr_map_dl_txt_19,金水区经三路16号
22764096,喜鹊愉家旅馆(郑州机场店),4.7,/hotel/22764096.html?isFull=F#ctm_ref=hod_sr_map_dl_txt_20,港空港区郑港四街与郑港七路交汇处
15903511,茉舍酒店(郑州高铁东站商都路店),4.7,/hotel/15903511.html?isFull=F#ctm_ref=hod_sr_map_dl_txt_21,郑东新区商都路与西周路交叉口
9596172,郑州恒熙景观酒店,4.7,/hotel/9596172.html?isFull=F#ctm_ref=hod_sr_map_dl_txt_22,二七区东兴华南与百姓路交叉口东兴华商务楼
27726002,麒御酒店(郑州郑东一附院店),4.8,/hotel/27726002.html?isFull=F#ctm_ref=hod_sr_map_dl_txt_23,金水区龙湖外环路龙兴嘉苑三号院20号楼
13926816,郑州云士酒店,4.7,/hotel/13926816.html?isFull=F#ctm_ref=hod_sr_map_dl_txt_24,中原区长椿路梧桐街交汇处
2954260,宜尚酒店(郑州大学新校区店)(原高新区店),4.7,/hotel/2954260.html?isFull=F#ctm_ref=hod_sr_map_dl_txt_25,中原区高新区梧桐街碧桃路交叉口
1522019,如家商旅酒店(郑州火车站二七广场地铁站店),4.7,/hotel/1522019.html?isFull=F#ctm_ref=hod_sr_map_dl_txt_1,二七区西大街西口20号
1737507,平煤商务宾馆(郑州CBD会展中心店),4.8,/hotel/1737507.html?isFull=F#ctm_ref=hod_sr_map_dl_txt_2,金水区红专东路132号
8353681,松子时尚酒店(郑州CBD会展中心店),4.7,/hotel/8353681.html?isFull=F#ctm_ref=hod_sr_map_dl_txt_3,金水区英协路9号
6027701,老房子台湾人文茶馆客栈（郑州高铁东站店）,4.7,/hotel/6027701.html?isFull=F#ctm_ref=hod_sr_map_dl_txt_4,郑东新区航海东路与第四大街交叉口向南400米路西
4332365,郑州威尼斯大酒店,4.7,/hotel/4332365.html?isFull=F#ctm_ref=hod_sr_map_dl_txt_5,经三路鑫苑路交叉口北100米路西
6465171,郑州梦工厂影院酒店(原梦工厂精品酒店),4.7,/hotel/6465171.html?isFull=F#ctm_ref=hod_sr_map_dl_txt_6,高新区瑞达路86号
17890928,半亩城宿酒店(郑州东站会展中心店),4.7,/hotel/17890928.html?isFull=F#ctm_ref=hod_sr_map_dl_txt_7,郑东新区商务外环西三街口立基上东国际大厦
8868815,和颐至格酒店(郑州火车站店),4.6,/hotel/8868815.html?isFull=F#ctm_ref=hod_sr_map_dl_txt_8,二七区郑州火车站东广场东北出站口
1620785,未来宜居尚慧酒店(郑州燕庄地铁站店),4.6,/hotel/1620785.html?isFull=F#ctm_ref=hod_sr_map_dl_txt_9,金水区金水路与东明路交叉口向南40米路西
1933380,世纪星连锁精品酒店(郑州农业路博物院店),4.6,/hotel/1933380.html?isFull=F#ctm_ref=hod_sr_map_dl_txt_10,金水区农业路70号，省博物院对面
8626356,郑州星悦酒店,4.6,/hotel/8626356.html?isFull=F#ctm_ref=hod_sr_map_dl_txt_11,金水区国基路与索凌路交叉口向东200米路北
1932913,锦江之星品尚(郑州万达广场华山路店),4.6,/hotel/1932913.html?isFull=F#ctm_ref=hod_sr_map_dl_txt_12,中原区中原路华山路交叉口向北200米路西
1590795,世纪星精品酒店(郑州花园路国贸360店),4.6,/hotel/1590795.html?isFull=F#ctm_ref=hod_sr_map_dl_txt_13,金水区花园路25号与红专路交叉口东南角
706724,郑州空港中州国际饭店,4.6,/hotel/706724.html?isFull=F#ctm_ref=hod_sr_map_dl_txt_14,郑州市航空港区金港大道中段西侧
1068932,如家商旅酒店(郑州市政府建设路店),4.7,/hotel/1068932.html?isFull=F#ctm_ref=hod_sr_map_dl_txt_15,中原区百花路37号
3105991,郑州蓝孔雀世界风情旅馆,4.6,/hotel/3105991.html?isFull=F#ctm_ref=hod_sr_map_dl_txt_16,管城回族区城东路251号
34204477,喆啡酒店(郑州会展中心店),4.9,/hotel/34204477.html?isFull=F#ctm_ref=hod_sr_map_dl_txt_17,金水区黄河路与姚寨路交叉口金成时代广场8号楼
2300676,如家精选酒店(郑州金水路大石桥店)（原南阳路店）,4.7,/hotel/2300676.html?isFull=F#ctm_ref=hod_sr_map_dl_txt_18,金水区金水路与南阳路交叉口向北200米路东
8953769,郑州觉·酒店,4.6,/hotel/8953769.html?isFull=F#ctm_ref=hod_sr_map_dl_txt_19,金水区高铁东站东风南路创业路
1730331,锦江白玉兰酒店(郑州英协路店)(原郑东新区会展中心店),4.6,/hotel/1730331.html?isFull=F#ctm_ref=hod_sr_map_dl_txt_20,金水区郑汴路与英协路交叉口
25471982,希岸·轻雅酒店(郑州嵩山南路二七万达店),4.7,/hotel/25471982.html?isFull=F#ctm_ref=hod_sr_map_dl_txt_21,二七区郑密路与清江路交叉口
11308744,华美酒店(郑州机场店),4.7,/hotel/11308744.html?isFull=F#ctm_ref=hod_sr_map_dl_txt_22,航空港区新港大道与长空路交叉口
2084085,锦江之星品尚(郑州大学梧桐街地铁站店),4.6,/hotel/2084085.html?isFull=F#ctm_ref=hod_sr_map_dl_txt_23,梧桐街与碧桃路交叉口向东50米路南
804442,维纳斯精品酒店(郑州东站会展中心店),4.6,/hotel/804442.html?isFull=F#ctm_ref=hod_sr_map_dl_txt_25,金水区黄河南路8号
9604627,臻悦酒店(郑州CBD会展中心店),4.6,/hotel/9604627.html?isFull=F#ctm_ref=hod_sr_map_dl_txt_1,金水区英协路216号
1911518,郑州学术交流中心酒店,4.6,/hotel/1911518.html?isFull=F#ctm_ref=hod_sr_map_dl_txt_2,郑开大道与康庄交叉口向北50米
21905695,中州华舍酒店(郑州CBD会展中心店),4.8,/hotel/21905695.html?isFull=F#ctm_ref=hod_sr_map_dl_txt_3,郑东新区正光路德厚街行署国际E座14楼
1729307,郑州山河宾馆,4.6,/hotel/1729307.html?isFull=F#ctm_ref=hod_sr_map_dl_txt_4,金水区纬五路中段11号
8396405,郑州怡尚精品酒店,4.6,/hotel/8396405.html?isFull=F#ctm_ref=hod_sr_map_dl_txt_5,管城回族区永平路与东周路交汇处
1620814,盛逸国际酒店(郑州第三大街店),4.6,/hotel/1620814.html?isFull=F#ctm_ref=hod_sr_map_dl_txt_6,经开区第三大街与经北一路交叉口
17086158,豪力酒店(郑州高铁东站店),4.6,/hotel/17086158.html?isFull=F#ctm_ref=hod_sr_map_dl_txt_7,郑东新区商鼎路与心怡路交叉口252号
1520303,河南金质大酒店,4.6,/hotel/1520303.html?isFull=F#ctm_ref=hod_sr_map_dl_txt_8,金水区花园路与红旗路交叉口
1635932,郑州正尚花园酒店,4.6,/hotel/1635932.html?isFull=F#ctm_ref=hod_sr_map_dl_txt_9,中原区莲花街与牡丹路交叉口
1620774,昆仑乐居酒店(郑州郑大新校区店),4.7,/hotel/1620774.html?isFull=F#ctm_ref=hod_sr_map_dl_txt_10,中原区冬青路65号
15057398,旅程酒店郑州CBD会展中心店,4.6,/hotel/15057398.html?isFull=F#ctm_ref=hod_sr_map_dl_txt_11,金水区农业东路与九如路交汇处南100米路西
1704957,郑州金德福大酒店,4.6,/hotel/1704957.html?isFull=F#ctm_ref=hod_sr_map_dl_txt_12,新郑国际机场迎宾迎宾大道3号
2074075,弘义迎宾酒店(郑州会展中心店),4.6,/hotel/2074075.html?isFull=F#ctm_ref=hod_sr_map_dl_txt_13,金水区金水路与玉凤路交叉口
21344526,尚茉酒店(郑州CBD会展中心店),4.7,/hotel/21344526.html?isFull=F#ctm_ref=hod_sr_map_dl_txt_14,郑东新区商务外环27号
1828779,锦江之星(郑州火车站二七广场地铁站店),4.5,/hotel/1828779.html?isFull=F#ctm_ref=hod_sr_map_dl_txt_15,二七区郑州火车站东北出站口向北200米路西
1024904,恒泰睿德酒店(郑州二七广场地铁站店),4.5,/hotel/1024904.html?isFull=F#ctm_ref=hod_sr_map_dl_txt_16,二七区西大街与南下街交叉口向南30米路东
1633907,郑州机场大酒店,4.5,/hotel/1633907.html?isFull=F#ctm_ref=hod_sr_map_dl_txt_17,郑东新区国际机场迎宾大道15号
2296786,安信铂客酒店(郑州火车站店),4.5,/hotel/2296786.html?isFull=F#ctm_ref=hod_sr_map_dl_txt_18,解放路与铭功路交叉口向东20米
4614069,安泰精品酒店(郑州CBD会展中心高铁站店),4.5,/hotel/4614069.html?isFull=F#ctm_ref=hod_sr_map_dl_txt_19,郑东新区商务外环路与西四街交叉口国际商会大厦4楼
1646313,河南明珠大酒店,4.5,/hotel/1646313.html?isFull=F#ctm_ref=hod_sr_map_dl_txt_20,金水区人民路6号
3705378,郑州中粤酒店(原南北公馆(郑州会展中心店)),4.5,/hotel/3705378.html?isFull=F#ctm_ref=hod_sr_map_dl_txt_21,金水东路与黄河南路交汇处向西路北。 （ 郑东新区及会展中心区）
19889019,郑州艾木生活酒店,4.7,/hotel/19889019.html?isFull=F#ctm_ref=hod_sr_map_dl_txt_22,中原区冬青街与腊梅路交叉口
478795,郑州银河国际酒店,4.5,/hotel/478795.html?isFull=F#ctm_ref=hod_sr_map_dl_txt_23,金水区商都路和七里河南路交汇处路南
29970179,维也纳酒店(郑州航海东路店),4.8,/hotel/29970179.html?isFull=F#ctm_ref=hod_sr_map_dl_txt_24,管城回族区银莺路安徐庄公馆3号楼
953658,郑州华联广州大酒店,4.5,/hotel/953658.html?isFull=F#ctm_ref=hod_sr_map_dl_txt_25,金水区北二七路95号
11273691,郑州斯维登服务公寓(省人民医院璞丽),4.6,/hotel/11273691.html?isFull=F#ctm_ref=hod_sr_map_dl_txt_1,金水区黄河路瀚海璞丽B座
12599198,喆啡酒店(郑州高新区瑞达路店),4.7,/hotel/12599198.html?isFull=F#ctm_ref=hod_sr_map_dl_txt_2,中原区瑞达路化工路交叉口北300米路西
698046,郑州爱琴海中州颐和酒店,4.5,/hotel/698046.html?isFull=F#ctm_ref=hod_sr_map_dl_txt_3,金水区纬五路29号附12号
1386365,河南龙祥宾馆,4.5,/hotel/1386365.html?isFull=F#ctm_ref=hod_sr_map_dl_txt_4,金水区金水大道16号
840608,郑州一湾明月酒店,4.9,/hotel/840608.html?isFull=F#ctm_ref=hod_sr_map_dl_txt_5,郑东新区商都路18号与聚源路交叉口北
14002402,郑州美兰假日酒店,4.5,/hotel/14002402.html?isFull=F#ctm_ref=hod_sr_map_dl_txt_6,郑东新区经北六路与经开第八大街交叉口向东800米
1633789,河南索尔斯精品酒店,4.5,/hotel/1633789.html?isFull=F#ctm_ref=hod_sr_map_dl_txt_7,金水区东风路丰庆路向北三百米路西
1882456,莱酒店LAIHOTEL(郑州市CBD会展中心店),4.5,/hotel/1882456.html?isFull=F#ctm_ref=hod_sr_map_dl_txt_8,金水区玉凤路与凤鸣路交叉口
1320730,山水时尚酒店(郑州高新区店),4.5,/hotel/1320730.html?isFull=F#ctm_ref=hod_sr_map_dl_txt_9,中原区瑞达路22号
1737511,中州商务酒店(郑州商都路店),4.5,/hotel/1737511.html?isFull=F#ctm_ref=hod_sr_map_dl_txt_10,郑东新区商都路6号
8983047,郑州锦绣龙城商务酒店,4.6,/hotel/8983047.html?isFull=F#ctm_ref=hod_sr_map_dl_txt_11,惠济区迎宾路与香山路西北角
1416562,郑州龙湖培训中心,4.5,/hotel/1416562.html?isFull=F#ctm_ref=hod_sr_map_dl_txt_12,金水区金水东路与博学路交叉口东200米路南
12660767,铂雅一舍精品酒店（郑州会展中心店）,4.6,/hotel/12660767.html?isFull=F#ctm_ref=hod_sr_map_dl_txt_13,金水区郑汴路与凤台路交叉口向南200米路东
15848796,郑州怡美酒店,4.6,/hotel/15848796.html?isFull=F#ctm_ref=hod_sr_map_dl_txt_14,金水区经五路23号院19号楼
5847622,郑州蓝杉芸曼酒店,4.5,/hotel/5847622.html?isFull=F#ctm_ref=hod_sr_map_dl_txt_16,二七区大学路与郑航街交叉口向西100米
1704972,郑州有戏电影酒店,4.8,/hotel/1704972.html?isFull=F#ctm_ref=hod_sr_map_dl_txt_17,郑东新区商都路与中州大道交叉口东300米路北
435712,郑州天河大酒店,4.4,/hotel/435712.html?isFull=F#ctm_ref=hod_sr_map_dl_txt_18,金水区二七路110号（近二七广场）
8445021,宜家酒店（郑州国际会展中心店）,4.5,/hotel/8445021.html?isFull=F#ctm_ref=hod_sr_map_dl_txt_19,郑东新区九如东路商务步行街北区三层3051号
1403776,郑州华聚酒店(原丽东国际酒店),4.4,/hotel/1403776.html?isFull=F#ctm_ref=hod_sr_map_dl_txt_20,管城回族区商都路与黄河路交汇处
1891649,非繁·臻品酒店(郑州高铁东站店),4.6,/hotel/1891649.html?isFull=F#ctm_ref=hod_sr_map_dl_txt_21,郑东新区商鼎路与心怡路永和宇宙星22层
4846148,郑州海森商务酒店,4.5,/hotel/4846148.html?isFull=F#ctm_ref=hod_sr_map_dl_txt_22,郑东新区东风南路与陇海高架一层交叉口
8076314,栖桐酒店(郑州CBD会展中心店),4.5,/hotel/8076314.html?isFull=F#ctm_ref=hod_sr_map_dl_txt_23,郑东新区商务内环与商务东二街交叉口
1728790,郑州烟草科技公寓酒店,4.6,/hotel/1728790.html?isFull=F#ctm_ref=hod_sr_map_dl_txt_24,中原区科学大道瑞达路与翠竹街交叉口
2299535,郑州天基中州颐和酒店(曼哈顿商圈地铁1号线燕庄店),4.6,/hotel/2299535.html?isFull=F#ctm_ref=hod_sr_map_dl_txt_25,金水区东明路与顺河路交叉口向南200米
4359508,仟那家风精品酒店(郑州兴华南街店),4.4,/hotel/4359508.html?isFull=F#ctm_ref=hod_sr_map_dl_txt_1,二七区南三环与兴华南街交叉口向北路东
1614211,郑州景峰豪悦酒店,4.4,/hotel/1614211.html?isFull=F#ctm_ref=hod_sr_map_dl_txt_2,金水区商务外环路与商务东三街交叉口27号楼
34203255,郑州云顶酒店,4.9,/hotel/34203255.html?isFull=F#ctm_ref=hod_sr_map_dl_txt_3,郑东新区龙子湖湖心岛平安大道与明理路正商博雅广场2号楼2-106
26545877,郑州豫商大酒店,4.7,/hotel/26545877.html?isFull=F#ctm_ref=hod_sr_map_dl_txt_4,金水区鑫苑路16号
1633814,中原油田郑州金桥商务酒店,4.4,/hotel/1633814.html?isFull=F#ctm_ref=hod_sr_map_dl_txt_5,中原区科学大道79号
3707379,郑州东方粤海大酒店,4.4,/hotel/3707379.html?isFull=F#ctm_ref=hod_sr_map_dl_txt_6,金水区农业路政七街交叉口
1728738,郑州凯润商务酒店,4.4,/hotel/1728738.html?isFull=F#ctm_ref=hod_sr_map_dl_txt_7,惠济区南阳路与兴隆铺路交叉口
3786978,青雅酒店(郑州会展中心店),4.4,/hotel/3786978.html?isFull=F#ctm_ref=hod_sr_map_dl_txt_8,金水区通泰路与商都路交叉口
15898443,郑州拾间旅馆,4.8,/hotel/15898443.html?isFull=F#ctm_ref=hod_sr_map_dl_txt_9,郑东新区康平路永平路郑东商业中心B区12号楼13层
698346,郑州红珊瑚酒店,4.3,/hotel/698346.html?isFull=F#ctm_ref=hod_sr_map_dl_txt_10,二七区火车站二马路20号
5431482,悦榕假日酒店(郑州东站店),4.3,/hotel/5431482.html?isFull=F#ctm_ref=hod_sr_map_dl_txt_11,郑东新区经北六路与经开第八大街交叉口向西200米路北
1635914,华豫七彩复式酒店(郑州二七广场店),4.3,/hotel/1635914.html?isFull=F#ctm_ref=hod_sr_map_dl_txt_12,管城回族区人民路与二七塔交汇处
2069450,郑州佰利酒店,4.5,/hotel/2069450.html?isFull=F#ctm_ref=hod_sr_map_dl_txt_13,金水区经三路与纬四路交叉口东南角
690112,郑州鑫港假日酒店,4.3,/hotel/690112.html?isFull=F#ctm_ref=hod_sr_map_dl_txt_14,新郑机场迎宾大道9号
1489153,郑州中原大厦天鹅宾馆,4.3,/hotel/1489153.html?isFull=F#ctm_ref=hod_sr_map_dl_txt_15,二七区火车站东广场中原大厦C座
34994272,郑州兰图酒店,4.7,/hotel/34994272.html?isFull=F#ctm_ref=hod_sr_map_dl_txt_16,郑东新区陇海路高架与东周路交叉口东路北3-5楼1-7轴
15032077,郑州风华酒店,4.5,/hotel/15032077.html?isFull=F#ctm_ref=hod_sr_map_dl_txt_17,金水区未来路115号
953457,郑州生茂饭店,4.4,/hotel/953457.html?isFull=F#ctm_ref=hod_sr_map_dl_txt_18,二七区桃园路与兴华北街交叉口
1620732,郑州富宜时尚酒店,4.2,/hotel/1620732.html?isFull=F#ctm_ref=hod_sr_map_dl_txt_19,中原区高新区莲花街11号
5982667,郑州海馨静悦酒店,4.4,/hotel/5982667.html?isFull=F#ctm_ref=hod_sr_map_dl_txt_20,二七区大学路和汝河路交叉口南20米路西
704759,郑州橡树5季酒店,4.2,/hotel/704759.html?isFull=F#ctm_ref=hod_sr_map_dl_txt_21,金水区农业路21号
21124036,郑州爱之酒店,4.6,/hotel/21124036.html?isFull=F#ctm_ref=hod_sr_map_dl_txt_22,中原区高新区雪松路与迎春街交叉口豪客来
1728856,郑州华商国际商务酒店,4.3,/hotel/1728856.html?isFull=F#ctm_ref=hod_sr_map_dl_txt_23,二七区中原路与大学路交叉口向东50米路南
29921867,郑州玖特悦享酒店,4.8,/hotel/29921867.html?isFull=F#ctm_ref=hod_sr_map_dl_txt_24,中原区瑞达路与化工路交叉口西北角
35970674,郑州桔子·轻雅酒店,4.9,/hotel/35970674.html?isFull=F#ctm_ref=hod_sr_map_dl_txt_25,航空港区金港大道云鹤厂院内1号楼北侧
28311351,郑州迹遇酒店,4.3,/hotel/28311351.html?isFull=F#ctm_ref=hod_sr_map_dl_txt_1,郑东新区商都路与黄河南路交叉口西北角三楼
29409663,郑州顺航精品酒店,4.7,/hotel/29409663.html?isFull=F#ctm_ref=hod_sr_map_dl_txt_2,航空港区锦荣悦汇城C座9层
23565581,非繁城品酒店(郑州马寨工业园店),4.5,/hotel/23565581.html?isFull=F#ctm_ref=hod_sr_map_dl_txt_3,二七区马寨镇工业路1号
690109,郑州大同宾馆,4,/hotel/690109.html?isFull=F#ctm_ref=hod_sr_map_dl_txt_4,二七区大同路3号
11407569,格瑞斯天籁酒店(郑州火车站二七广场店),4.2,/hotel/11407569.html?isFull=F#ctm_ref=hod_sr_map_dl_txt_5,管城回族区陇海路南关街交叉口向南100米路东
19600000,郑州禧来假日酒店,4.2,/hotel/19600000.html?isFull=F#ctm_ref=hod_sr_map_dl_txt_6,金水区花园路33号嘉辰时代广场花园路与农业路交叉口南100米路东
6868630,郑州豫鹰宾馆,4.2,/hotel/6868630.html?isFull=F#ctm_ref=hod_sr_map_dl_txt_7,金水区金水东路与通泰路交叉口南50米
1729330,郑州嵩阳饭店,4,/hotel/1729330.html?isFull=F#ctm_ref=hod_sr_map_dl_txt_8,中原区嵩山路与中原路交叉口
1006482,郑州中天迎宾馆,4.2,/hotel/1006482.html?isFull=F#ctm_ref=hod_sr_map_dl_txt_9,金水区黄河路与政六街向北100米路东
25305937,未来中州颐和酒店(郑州科技学院学术交流中心店),4.6,/hotel/25305937.html?isFull=F#ctm_ref=hod_sr_map_dl_txt_10,二七区马寨镇学院路1号
13928941,郑州仟之悦酒店,4.3,/hotel/13928941.html?isFull=F#ctm_ref=hod_sr_map_dl_txt_11,管城回族区航海东路与第二十二大街交叉口向东150路北
929931,河南德亿大酒店,4,/hotel/929931.html?isFull=F#ctm_ref=hod_sr_map_dl_txt_12,金水区金水路267号
1936677,郑州豫棉宾馆,4.3,/hotel/1936677.html?isFull=F#ctm_ref=hod_sr_map_dl_txt_13,金水区红专路与政六街交叉口向西150米路北
28756429,郑州仁义礼智信酒店,4.4,/hotel/28756429.html?isFull=F#ctm_ref=hod_sr_map_dl_txt_14,郑东新区郑东新区万通街与心怡路交汇处（正岩大厦心怡路156号）
840593,郑州格瑞斯国际酒店,3.8,/hotel/840593.html?isFull=F#ctm_ref=hod_sr_map_dl_txt_15,管城回族区商城路与人民路交叉口东100米路南
33621229,非繁·印象酒店(郑州国基路店)(原沙门地铁口店),4.7,/hotel/33621229.html?isFull=F#ctm_ref=hod_sr_map_dl_txt_16,金水区花园路与国基路交叉口向西200米路南
3484114,郑州小浪底宾馆,4,/hotel/3484114.html?isFull=F#ctm_ref=hod_sr_map_dl_txt_17,管城回族区东大街与紫荆山路交叉口西北角
28680000,郑州乐巷酒店,4.8,/hotel/28680000.html?isFull=F#ctm_ref=hod_sr_map_dl_txt_18,郑东新区才高街16号众茗大厦B座2层
8948349,郑州迎宾假日酒店,4,/hotel/8948349.html?isFull=F#ctm_ref=hod_sr_map_dl_txt_19,惠济区迎宾路4号
1633846,郑州大酒店,3.6,/hotel/1633846.html?isFull=F#ctm_ref=hod_sr_map_dl_txt_20,二七区兴隆街8号
1729359,郑州桃李园大酒店,3.9,/hotel/1729359.html?isFull=F#ctm_ref=hod_sr_map_dl_txt_21,金水区东三街与丰产路交汇
6872927,郑州金审宾馆,4.7,/hotel/6872927.html?isFull=F#ctm_ref=hod_sr_map_dl_txt_22,金水区政七街27号
36159359,宜尚酒店(郑州金水路店),5,/hotel/36159359.html?isFull=F#ctm_ref=hod_sr_map_dl_txt_23,金水区经七路41号
35083272,郑州汀澜行政公寓,5,/hotel/35083272.html?isFull=F#ctm_ref=hod_sr_map_dl_txt_24,金水区黄河路经二路交叉口璞丽中心C座1507
739253,河南省金河宾馆,3.6,/hotel/739253.html?isFull=F#ctm_ref=hod_sr_map_dl_txt_25,金水区金水路与经三路交叉口东北角
